1785538482.4459069,0.09999955922482959,-0.09000001140510788,0.05372501427868265,inf,inf,inf,inf,inf,inf,3.513,inf,inf,3.541,inf,inf,3.569,inf,inf,3.629,inf,inf,3.65,inf,inf,3.74,inf,inf,3.827,inf,inf,6.289,inf,inf,5.718,inf,inf,5.245,inf,inf,4.896,inf,inf,4.589,inf,inf,4.274,inf,inf,4.01,inf,inf,3.833,inf,inf,3.677,inf,inf,3.551,inf,inf,3.42,inf,inf,3.33,inf,inf,3.162,inf,inf,3.139,inf,inf,3.054,inf,inf,3.009,inf,inf,2.934,inf,inf,2.913,inf,inf,2.888,inf,inf,2.871,inf,inf,2.848,inf,inf,2.845,inf,inf,2.87,inf,inf,2.883,inf,inf,2.898,inf,inf,2.931,inf,inf,2.948,inf,inf,2.997,inf,inf,3.08,inf,inf,3.124,inf,inf,3.203,inf,inf,3.323,inf,inf,3.401,inf,inf,3.125,inf,inf,2.906,inf,inf,2.751,inf,inf,2.617,inf,inf,2.477,inf,inf,2.375,inf,inf,2.29,inf,inf,2.214,inf,inf,2.136,inf,inf,2.093,inf,inf,2.039,inf,inf,1.984,inf,inf,1.938,inf,inf,1.908,inf,inf,1.87,inf,inf,1.877,inf,inf,1.882,inf,inf,1.837,inf,inf,1.848,inf,inf,1.849,inf,inf,1.857,inf,inf,1.876,inf,inf,1.883,inf,inf,1.909,inf,inf,1.935,inf,inf,1.991,inf,inf,2.049,inf,inf,2.076,inf,inf,2.123,inf,inf,2.212,inf,inf,2.31,inf,inf,2.394,inf,inf,2.462,inf,inf,2.642,inf,inf,2.749,inf,inf,2.921,inf,inf,3.154,inf,inf,3.379,inf,inf,inf,inf,inf,inf,inf,inf,inf,inf,inf,inf,inf,inf,1.132,inf,inf,1.128,inf,inf,1.103,inf,inf,1.097,inf,inf,1.089,inf,inf,1.061,inf,inf,1.071,inf,inf,1.08,inf,inf,1.081,inf,inf,1.075,inf,inf,1.104,inf,inf,1.109,inf,inf,1.143,inf,inf,3.308,inf,inf,3.426,inf,inf,3.645,inf,inf,4.127,inf,inf,inf,inf,inf,inf,inf,inf,5.97,inf,inf,5.39,inf,inf,5.131,inf,inf,5.016,inf,inf,4.984,inf,inf,5.032,inf,inf,5.116,inf,inf,5.325,inf,inf,5.719,inf,inf,inf,inf,inf,inf,inf,inf,inf,inf,inf,inf,inf,inf,inf,inf,inf,inf,inf,inf,inf,inf,inf,inf,inf,inf,inf
1785538483.487744,0.09999954419513439,-0.09000001231756417,0.0633358741214918,inf,inf,inf,inf,inf,inf,3.512,inf,inf,3.53,inf,inf,3.573,inf,inf,3.595,inf,inf,3.668,inf,inf,3.746,inf,inf,3.823,inf,inf,6.293,inf,inf,5.714,inf,inf,5.251,inf,inf,4.864,inf,inf,4.546,inf,inf,4.25,inf,inf,4.05,inf,inf,3.852,inf,inf,3.648,inf,inf,3.519,inf,inf,3.42,inf,inf,3.313,inf,inf,3.199,inf,inf,3.145,inf,inf,3.053,inf,inf,2.999,inf,inf,2.96,inf,inf,2.912,inf,inf,2.888,inf,inf,2.911,inf,inf,2.86,inf,inf,2.856,inf,inf,2.833,inf,inf,2.876,inf,inf,2.887,inf,inf,2.919,inf,inf,2.952,inf,inf,2.997,inf,inf,3.03,inf,inf,3.106,inf,inf,3.22,inf,inf,3.312,inf,inf,3.368,inf,inf,3.147,inf,inf,2.923,inf,inf,2.76,inf,inf,2.592,inf,inf,2.505,inf,inf,2.347,inf,inf,2.276,inf,inf,2.205,inf,inf,2.154,inf,inf,2.071,inf,inf,2.013,inf,inf,1.977,inf,inf,1.93,inf,inf,1.896,inf,inf,1.884,inf,inf,1.888,inf,inf,1.856,inf,inf,1.842,inf,inf,1.858,inf,inf,1.832,inf,inf,1.852,inf,inf,1.857,inf,inf,1.887,inf,inf,1.907,inf,inf,1.948,inf,inf,1.985,inf,inf,2.015,inf,inf,2.08,inf,inf,2.152,inf,inf,2.215,inf,inf,2.271,inf,inf,2.371,inf,inf,2.49,inf,inf,2.633,inf,inf,2.751,inf,inf,2.936,inf,inf,3.142,inf,inf,3.403,inf,inf,inf,inf,inf,inf,inf,inf,inf,inf,inf,inf,inf,inf,1.129,inf,inf,1.092,inf,inf,1.105,inf,inf,1.092,inf,inf,1.057,inf,inf,1.079,inf,inf,1.077,inf,inf,1.084,inf,inf,1.081,inf,inf,1.098,inf,inf,1.102,inf,inf,1.112,inf,inf,1.122,inf,inf,3.317,inf,inf,3.435,inf,inf,3.629,inf,inf,4.138,inf,inf,inf,inf,inf,inf,inf,inf,5.972,inf,inf,5.397,inf,inf,5.163,inf,inf,5.026,inf,inf,4.982,inf,inf,5.013,inf,inf,5.095,inf,inf,5.305,inf,inf,5.721,inf,inf,inf,inf,inf,inf,inf,inf,inf,inf,inf,inf,inf,inf,inf,inf,inf,inf,inf,inf,inf,inf,inf,inf,inf,inf,inf
1785538484.530337,0.09999952288814347,-0.09000001381213094,0.07214948184357242,inf,inf,inf,inf,inf,inf,3.513,inf,inf,3.514,inf,inf,3.587,inf,inf,3.614,inf,inf,3.682,inf,inf,3.721,inf,inf,3.805,inf,inf,6.306,inf,inf,5.731,inf,inf,5.251,inf,inf,4.881,inf,inf,4.592,inf,inf,4.277,inf,inf,4.04,inf,inf,3.84,inf,inf,3.661,inf,inf,3.55,inf,inf,3.403,inf,inf,3.312,inf,inf,3.204,inf,inf,3.108,inf,inf,3.078,inf,inf,3.002,inf,inf,2.958,inf,inf,2.9,inf,inf,2.874,inf,inf,2.879,inf,inf,2.845,inf,inf,2.857,inf,inf,2.838,inf,inf,2.864,inf,inf,2.885,inf,inf,2.914,inf,inf,2.929,inf,inf,3.033,inf,inf,3.073,inf,inf,3.115,inf,inf,3.195,inf,inf,3.894,inf,inf,3.394,inf,inf,3.164,inf,inf,2.937,inf,inf,2.775,inf,inf,2.616,inf,inf,2.489,inf,inf,2.37,inf,inf,2.294,inf,inf,2.217,inf,inf,2.137,inf,inf,2.129,inf,inf,2.03,inf,inf,1.983,inf,inf,1.946,inf,inf,1.92,inf,inf,1.882,inf,inf,1.888,inf,inf,1.87,inf,inf,1.827,inf,inf,1.843,inf,inf,1.842,inf,inf,1.859,inf,inf,1.87,inf,inf,1.875,inf,inf,1.92,inf,inf,1.941,inf,inf,1.975,inf,inf,2.039,inf,inf,2.061,inf,inf,2.11,inf,inf,2.203,inf,inf,2.26,inf,inf,2.364,inf,inf,2.485,inf,inf,2.602,inf,inf,2.767,inf,inf,2.957,inf,inf,3.153,inf,inf,3.408,inf,inf,inf,inf,inf,inf,inf,inf,inf,inf,inf,inf,inf,inf,1.146,inf,inf,1.118,inf,inf,1.095,inf,inf,1.077,inf,inf,1.076,inf,inf,1.084,inf,inf,1.093,inf,inf,1.074,inf,inf,1.074,inf,inf,1.092,inf,inf,1.1,inf,inf,1.127,inf,inf,1.131,inf,inf,3.313,inf,inf,3.437,inf,inf,3.648,inf,inf,4.132,inf,inf,inf,inf,inf,inf,inf,inf,5.977,inf,inf,5.366,inf,inf,5.139,inf,inf,5.036,inf,inf,4.992,inf,inf,5.027,inf,inf,5.122,inf,inf,5.304,inf,inf,5.712,inf,inf,inf,inf,inf,inf,inf,inf,inf,inf,inf,inf,inf,inf,inf,inf,inf,inf,inf,inf,inf,inf,inf,inf,inf,inf,inf
1785538485.5468273,0.1293361761902167,-0.08881264746442782,0.008161026108334605,inf,inf,inf,inf,inf,inf,inf,inf,inf,3.548,inf,inf,3.559,inf,inf,3.598,inf,inf,3.625,inf,inf,3.658,inf,inf,3.725,inf,inf,3.822,inf,inf,inf,inf,inf,5.879,inf,inf,5.415,inf,inf,4.987,inf,inf,4.686,inf,inf,4.43,inf,inf,4.101,inf,inf,3.924,inf,inf,3.743,inf,inf,3.616,inf,inf,3.451,inf,inf,3.348,inf,inf,3.221,inf,inf,3.153,inf,inf,3.047,inf,inf,3.03,inf,inf,2.94,inf,inf,2.922,inf,inf,2.922,inf,inf,2.957,inf,inf,2.867,inf,inf,2.846,inf,inf,2.85,inf,inf,2.853,inf,inf,2.888,inf,inf,2.895,inf,inf,2.931,inf,inf,2.978,inf,inf,3.046,inf,inf,3.117,inf,inf,3.166,inf,inf,3.267,inf,inf,3.354,inf,inf,3.184,inf,inf,2.964,inf,inf,2.788,inf,inf,2.632,inf,inf,2.48,inf,inf,2.392,inf,inf,2.253,inf,inf,2.245,inf,inf,2.135,inf,inf,2.093,inf,inf,2.017,inf,inf,1.942,inf,inf,1.926,inf,inf,1.897,inf,inf,1.864,inf,inf,1.845,inf,inf,1.834,inf,inf,1.819,inf,inf,1.833,inf,inf,1.833,inf,inf,1.827,inf,inf,1.842,inf,inf,1.846,inf,inf,1.869,inf,inf,1.888,inf,inf,1.931,inf,inf,1.976,inf,inf,2.061,inf,inf,2.091,inf,inf,2.173,inf,inf,2.232,inf,inf,2.295,inf,inf,2.428,inf,inf,2.558,inf,inf,2.667,inf,inf,2.819,inf,inf,3.002,inf,inf,3.262,inf,inf,inf,inf,inf,inf,inf,inf,inf,inf,inf,inf,inf,inf,inf,inf,inf,1.108,inf,inf,1.102,inf,inf,1.104,inf,inf,1.055,inf,inf,1.067,inf,inf,1.077,inf,inf,1.079,inf,inf,1.075,inf,inf,1.083,inf,inf,1.074,inf,inf,1.118,inf,inf,1.133,inf,inf,1.15,inf,inf,3.388,inf,inf,3.549,inf,inf,3.846,inf,inf,inf,inf,inf,inf,inf,inf,inf,inf,inf,5.562,inf,inf,5.24,inf,inf,5.07,inf,inf,5.02,inf,inf,5.019,inf,inf,5.099,inf,inf,5.205,inf,inf,5.493,inf,inf,inf,inf,inf,inf,inf,inf,inf,inf,inf,inf,inf,inf,inf,inf,inf,inf,inf,inf,inf,inf,inf,inf
1785538486.5552526,0.1360831208344815,-0.08887670045444726,-0.1407151684149793,inf,inf,inf,inf,inf,inf,inf,inf,inf,inf,inf,inf,inf,inf,inf,inf,inf,inf,3.545,inf,inf,3.581,inf,inf,3.623,inf,inf,3.672,inf,inf,3.717,inf,inf,3.789,inf,inf,3.847,inf,inf,6.364,inf,inf,5.788,inf,inf,5.344,inf,inf,4.957,inf,inf,4.696,inf,inf,4.303,inf,inf,4.066,inf,inf,3.865,inf,inf,3.701,inf,inf,3.558,inf,inf,3.441,inf,inf,3.349,inf,inf,3.209,inf,inf,3.127,inf,inf,3.056,inf,inf,3.015,inf,inf,2.971,inf,inf,2.928,inf,inf,2.911,inf,inf,2.863,inf,inf,2.887,inf,inf,2.861,inf,inf,2.909,inf,inf,2.874,inf,inf,2.89,inf,inf,2.883,inf,inf,2.96,inf,inf,3.005,inf,inf,3.065,inf,inf,3.106,inf,inf,3.18,inf,inf,3.249,inf,inf,3.346,inf,inf,3.149,inf,inf,2.919,inf,inf,2.751,inf,inf,2.61,inf,inf,2.47,inf,inf,2.341,inf,inf,2.257,inf,inf,2.182,inf,inf,2.082,inf,inf,2.063,inf,inf,1.998,inf,inf,1.96,inf,inf,1.899,inf,inf,1.88,inf,inf,1.849,inf,inf,1.813,inf,inf,1.794,inf,inf,1.778,inf,inf,1.805,inf,inf,1.792,inf,inf,1.813,inf,inf,1.807,inf,inf,1.852,inf,inf,1.879,inf,inf,1.872,inf,inf,1.943,inf,inf,1.991,inf,inf,2.057,inf,inf,2.103,inf,inf,2.152,inf,inf,2.227,inf,inf,2.336,inf,inf,2.453,inf,inf,2.566,inf,inf,2.74,inf,inf,2.917,inf,inf,3.132,inf,inf,inf,inf,inf,inf,inf,inf,inf,inf,inf,inf,inf,inf,inf,inf,inf,1.135,inf,inf,1.117,inf,inf,1.093,inf,inf,1.083,inf,inf,1.094,inf,inf,1.076,inf,inf,1.086,inf,inf,1.077,inf,inf,1.063,inf,inf,1.095,inf,inf,1.095,inf,inf,1.098,inf,inf,1.127,inf,inf,1.14,inf,inf,3.422,inf,inf,3.618,inf,inf,4.063,inf,inf,inf,inf,inf,inf,inf,inf,6.044,inf,inf,5.424,inf,inf,5.197,inf,inf,5.073,inf,inf,5.018,inf,inf,5.04,inf,inf,5.144,inf,inf,5.317,inf,inf,5.709,inf,inf,inf,inf,inf,inf,inf,inf,inf,inf,inf,inf,inf,inf,inf
1785538487.5838256,0.13801343538619726,-0.09015864689320649,-0.5222599473516903,inf,inf,inf,5.245,inf,inf,5.496,inf,inf,inf,inf,inf,inf,inf,inf,inf,inf,inf,inf,inf,inf,inf,inf,inf,inf,inf,inf,inf,inf,inf,inf,inf,inf,inf,inf,inf,inf,inf,inf,3.937,inf,inf,3.618,inf,inf,3.649,inf,inf,3.682,inf,inf,3.724,inf,inf,3.793,inf,inf,3.86,inf,inf,3.969,inf,inf,inf,inf,inf,inf,inf,inf,inf,inf,inf,inf,inf,inf,inf,inf,inf,4.259,inf,inf,4.093,inf,inf,3.902,inf,inf,3.737,inf,inf,3.617,inf,inf,3.494,inf,inf,3.374,inf,inf,3.173,inf,inf,3.099,inf,inf,3.028,inf,inf,2.984,inf,inf,2.955,inf,inf,2.9,inf,inf,2.877,inf,inf,2.862,inf,inf,2.84,inf,inf,2.839,inf,inf,2.858,inf,inf,2.872,inf,inf,2.889,inf,inf,2.928,inf,inf,2.998,inf,inf,2.987,inf,inf,3.056,inf,inf,3.132,inf,inf,3.189,inf,inf,3.225,inf,inf,3.165,inf,inf,2.955,inf,inf,2.782,inf,inf,2.59,inf,inf,2.478,inf,inf,2.337,inf,inf,2.246,inf,inf,2.079,inf,inf,2.027,inf,inf,1.988,inf,inf,1.946,inf,inf,1.904,inf,inf,1.84,inf,inf,1.824,inf,inf,1.788,inf,inf,1.793,inf,inf,1.771,inf,inf,1.774,inf,inf,1.777,inf,inf,1.775,inf,inf,1.777,inf,inf,1.803,inf,inf,1.791,inf,inf,1.79,inf,inf,1.853,inf,inf,1.877,inf,inf,1.904,inf,inf,1.976,inf,inf,2.02,inf,inf,2.07,inf,inf,2.158,inf,inf,2.268,inf,inf,2.342,inf,inf,2.46,inf,inf,2.587,inf,inf,2.787,inf,inf,2.969,inf,inf,3.185,inf,inf,3.436,inf,inf,11.362,inf,inf,inf,inf,inf,inf,inf,inf,inf,inf,inf,1.164,inf,inf,1.105,inf,inf,1.089,inf,inf,1.082,inf,inf,1.066,inf,inf,1.093,inf,inf,1.09,inf,inf,1.066,inf,inf,1.099,inf,inf,1.094,inf,inf,1.107,inf,inf,1.127,inf,inf,1.155,inf,inf,1.186,inf,inf,3.512,inf,inf,3.769,inf,inf,inf,inf,inf,inf,inf,inf,inf,inf,inf,5.732,inf,inf,5.368,inf,inf,5.202,inf,inf,5.098,inf,inf,5.099,inf,inf,inf
1785538488.5934336,0.14905925745664408,-0.09937677512020095,-0.8227391960039554,inf,inf,inf,5.831,inf,inf,5.533,inf,inf,5.384,inf,inf,5.309,inf,inf,5.337,inf,inf,5.375,inf,inf,5.603,inf,inf,5.944,inf,inf,inf,inf,inf,inf,inf,inf,inf,inf,inf,inf,inf,inf,inf,inf,inf,inf,inf,inf,inf,inf,inf,inf,inf,inf,inf,inf,inf,3.74,inf,inf,3.744,inf,inf,3.756,inf,inf,3.806,inf,inf,3.829,inf,inf,3.892,inf,inf,3.961,inf,inf,3.267,inf,inf,3.212,inf,inf,3.161,inf,inf,2.607,inf,inf,2.557,inf,inf,2.564,inf,inf,2.505,inf,inf,2.469,inf,inf,1.983,inf,inf,1.978,inf,inf,1.954,inf,inf,2.413,inf,inf,1.926,inf,inf,2.405,inf,inf,2.353,inf,inf,1.919,inf,inf,1.59,inf,inf,1.603,inf,inf,1.928,inf,inf,1.904,inf,inf,1.582,inf,inf,1.913,inf,inf,1.597,inf,inf,1.926,inf,inf,1.6,inf,inf,1.595,inf,inf,1.952,inf,inf,1.957,inf,inf,1.961,inf,inf,1.974,inf,inf,2.436,inf,inf,1.971,inf,inf,1.966,inf,inf,2.487,inf,inf,2.502,inf,inf,1.952,inf,inf,1.979,inf,inf,2.264,inf,inf,2.124,inf,inf,2.051,inf,inf,1.97,inf,inf,1.923,inf,inf,1.858,inf,inf,1.77,inf,inf,1.747,inf,inf,1.744,inf,inf,1.666,inf,inf,1.653,inf,inf,1.682,inf,inf,1.607,inf,inf,1.603,inf,inf,1.616,inf,inf,1.597,inf,inf,1.612,inf,inf,1.591,inf,inf,1.643,inf,inf,1.671,inf,inf,1.676,inf,inf,1.824,inf,inf,1.739,inf,inf,1.773,inf,inf,1.799,inf,inf,1.888,inf,inf,1.935,inf,inf,2.127,inf,inf,2.227,inf,inf,2.298,inf,inf,2.364,inf,inf,2.498,inf,inf,inf,inf,inf,inf,inf,inf,inf,inf,inf,inf,inf,inf,inf,inf,inf,inf,inf,inf,inf,inf,inf,inf,inf,inf,inf,inf,inf,inf,inf,inf,inf,inf,inf,1.291,inf,inf,1.294,inf,inf,1.288,inf,inf,1.304,inf,inf,1.296,inf,inf,1.319,inf,inf,1.313,inf,inf,1.328,inf,inf,1.346,inf,inf,1.383,inf,inf,1.426,inf,inf,1.437,inf,inf,4.016,inf,inf,inf,inf,inf,inf,inf,inf,inf
1785538489.597519,0.1480522915543592,-0.09892471226772269,-1.2702928954115518,inf,inf,inf,1.222,inf,inf,1.256,inf,inf,1.274,inf,inf,1.299,inf,inf,1.988,inf,inf,1.989,inf,inf,2.443,inf,inf,1.977,inf,inf,2.429,inf,inf,2.463,inf,inf,1.969,inf,inf,1.983,inf,inf,1.966,inf,inf,1.966,inf,inf,2.419,inf,inf,2.439,inf,inf,1.977,inf,inf,2.451,inf,inf,2.488,inf,inf,2.506,inf,inf,2.493,inf,inf,2.507,inf,inf,2.532,inf,inf,2.596,inf,inf,2.586,inf,inf,3.124,inf,inf,3.202,inf,inf,3.231,inf,inf,3.273,inf,inf,3.722,inf,inf,3.765,inf,inf,3.818,inf,inf,3.862,inf,inf,3.981,inf,inf,6.249,inf,inf,5.595,inf,inf,5.11,inf,inf,4.752,inf,inf,4.466,inf,inf,4.143,inf,inf,3.955,inf,inf,3.745,inf,inf,3.579,inf,inf,3.467,inf,inf,3.367,inf,inf,3.162,inf,inf,3.1,inf,inf,3.048,inf,inf,2.989,inf,inf,inf,inf,inf,2.895,inf,inf,2.905,inf,inf,2.867,inf,inf,2.869,inf,inf,2.875,inf,inf,3.201,inf,inf,3.215,inf,inf,3.221,inf,inf,3.24,inf,inf,2.937,inf,inf,2.981,inf,inf,3.039,inf,inf,3.072,inf,inf,3.17,inf,inf,inf,inf,inf,inf,inf,inf,inf,inf,inf,inf,inf,inf,inf,inf,inf,2.587,inf,inf,2.491,inf,inf,inf,inf,inf,inf,inf,inf,inf,inf,inf,inf,inf,inf,1.939,inf,inf,1.903,inf,inf,1.893,inf,inf,1.842,inf,inf,1.837,inf,inf,1.785,inf,inf,1.772,inf,inf,1.75,inf,inf,1.737,inf,inf,1.76,inf,inf,1.748,inf,inf,1.741,inf,inf,1.754,inf,inf,1.753,inf,inf,1.749,inf,inf,1.795,inf,inf,1.808,inf,inf,1.814,inf,inf,1.864,inf,inf,1.911,inf,inf,1.95,inf,inf,2.069,inf,inf,2.139,inf,inf,2.205,inf,inf,2.296,inf,inf,2.393,inf,inf,2.495,inf,inf,2.698,inf,inf,2.897,inf,inf,3.08,inf,inf,3.424,inf,inf,inf,inf,inf,11.324,inf,inf,6.481,inf,inf,6.292,inf,inf,6.059,inf,inf,1.233,inf,inf,1.187,inf,inf,1.195,inf,inf,1.19,inf,inf,1.189,inf,inf,1.186,inf,inf,1.183,inf,inf,1.199,inf,inf,inf
1785538490.6282024,0.14745995261511588,-0.09214935305707488,-1.624133717737223,inf,inf,inf,1.077,inf,inf,1.093,inf,inf,1.076,inf,inf,1.095,inf,inf,1.084,inf,inf,1.092,inf,inf,1.109,inf,inf,1.124,inf,inf,1.143,inf,inf,1.153,inf,inf,1.219,inf,inf,3.174,inf,inf,3.201,inf,inf,3.204,inf,inf,3.216,inf,inf,3.19,inf,inf,3.188,inf,inf,3.185,inf,inf,3.201,inf,inf,3.2,inf,inf,3.198,inf,inf,3.22,inf,inf,3.256,inf,inf,3.258,inf,inf,4.066,inf,inf,4.137,inf,inf,4.168,inf,inf,4.185,inf,inf,4.245,inf,inf,4.279,inf,inf,4.354,inf,inf,5.999,inf,inf,6.094,inf,inf,3.986,inf,inf,3.665,inf,inf,3.683,inf,inf,3.715,inf,inf,3.783,inf,inf,3.837,inf,inf,3.925,inf,inf,4.013,inf,inf,6.139,inf,inf,5.558,inf,inf,5.181,inf,inf,4.809,inf,inf,4.579,inf,inf,4.201,inf,inf,3.97,inf,inf,3.794,inf,inf,3.698,inf,inf,3.601,inf,inf,3.467,inf,inf,3.435,inf,inf,3.182,inf,inf,3.151,inf,inf,3.033,inf,inf,3.027,inf,inf,3.001,inf,inf,2.956,inf,inf,3.338,inf,inf,2.887,inf,inf,2.905,inf,inf,2.893,inf,inf,2.883,inf,inf,2.924,inf,inf,2.972,inf,inf,3.017,inf,inf,3.047,inf,inf,3.148,inf,inf,3.167,inf,inf,3.425,inf,inf,3.51,inf,inf,3.583,inf,inf,2.849,inf,inf,2.696,inf,inf,2.454,inf,inf,2.474,inf,inf,2.258,inf,inf,2.213,inf,inf,2.115,inf,inf,1.964,inf,inf,1.931,inf,inf,1.858,inf,inf,1.846,inf,inf,1.816,inf,inf,1.763,inf,inf,1.864,inf,inf,1.752,inf,inf,1.743,inf,inf,1.705,inf,inf,1.704,inf,inf,1.697,inf,inf,1.713,inf,inf,1.719,inf,inf,1.7,inf,inf,1.741,inf,inf,1.761,inf,inf,1.791,inf,inf,1.79,inf,inf,1.864,inf,inf,1.909,inf,inf,1.929,inf,inf,2.052,inf,inf,2.116,inf,inf,2.158,inf,inf,2.267,inf,inf,2.44,inf,inf,2.506,inf,inf,2.692,inf,inf,2.917,inf,inf,3.089,inf,inf,3.342,inf,inf,inf,inf,inf,11.064,inf,inf,6.49,inf,inf,6.4,inf,inf,6.273,inf,inf,1.109,inf,inf,1.088,inf,inf,inf
1785538491.6343112,0.09444942857503129,-0.2940673467489449,-1.9576925044827231,inf,inf,inf,4.3,inf,inf,4.329,inf,inf,4.31,inf,inf,4.297,inf,inf,1.218,inf,inf,1.195,inf,inf,1.178,inf,inf,1.168,inf,inf,1.18,inf,inf,1.182,inf,inf,1.19,inf,inf,1.194,inf,inf,1.221,inf,inf,1.221,inf,inf,1.239,inf,inf,1.263,inf,inf,3.519,inf,inf,3.703,inf,inf,4.073,inf,inf,6.404,inf,inf,6.516,inf,inf,6.243,inf,inf,5.552,inf,inf,5.297,inf,inf,5.181,inf,inf,5.145,inf,inf,5.166,inf,inf,5.275,inf,inf,5.45,inf,inf,5.904,inf,inf,inf,inf,inf,inf,inf,inf,inf,inf,inf,inf,inf,inf,inf,inf,inf,inf,inf,inf,inf,inf,inf,inf,inf,inf,inf,inf,inf,3.921,inf,inf,3.604,inf,inf,3.621,inf,inf,3.667,inf,inf,3.69,inf,inf,3.78,inf,inf,3.798,inf,inf,3.913,inf,inf,inf,inf,inf,inf,inf,inf,inf,inf,inf,inf,inf,inf,inf,inf,inf,4.232,inf,inf,4.06,inf,inf,4.362,inf,inf,4.203,inf,inf,inf,inf,inf,inf,inf,inf,3.211,inf,inf,3.106,inf,inf,3.018,inf,inf,2.965,inf,inf,2.933,inf,inf,2.88,inf,inf,2.834,inf,inf,2.784,inf,inf,2.795,inf,inf,2.786,inf,inf,2.783,inf,inf,2.807,inf,inf,2.806,inf,inf,2.823,inf,inf,2.841,inf,inf,2.863,inf,inf,2.937,inf,inf,2.972,inf,inf,3.041,inf,inf,3.148,inf,inf,3.195,inf,inf,3.099,inf,inf,2.88,inf,inf,2.704,inf,inf,2.552,inf,inf,2.407,inf,inf,2.282,inf,inf,2.215,inf,inf,2.102,inf,inf,2.042,inf,inf,1.968,inf,inf,1.915,inf,inf,1.861,inf,inf,1.852,inf,inf,1.802,inf,inf,1.78,inf,inf,1.75,inf,inf,1.758,inf,inf,1.72,inf,inf,1.709,inf,inf,1.729,inf,inf,1.741,inf,inf,1.746,inf,inf,1.774,inf,inf,1.77,inf,inf,1.786,inf,inf,1.813,inf,inf,1.849,inf,inf,1.912,inf,inf,1.952,inf,inf,2.005,inf,inf,2.059,inf,inf,2.114,inf,inf,2.232,inf,inf,2.314,inf,inf,2.466,inf,inf,2.613,inf,inf,2.745,inf,inf,2.953,inf,inf,3.188,inf,inf,3.476,inf,inf,inf
1785538492.669431,-0.07704924886541706,-0.5357340003552575,-2.3237772654552202,inf,inf,inf,3.037,inf,inf,3.172,inf,inf,inf,inf,inf,inf,inf,inf,inf,inf,inf,inf,inf,inf,inf,inf,inf,inf,inf,inf,inf,inf,inf,1.637,inf,inf,1.613,inf,inf,1.627,inf,inf,1.596,inf,inf,1.606,inf,inf,1.567,inf,inf,1.583,inf,inf,1.59,inf,inf,1.595,inf,inf,3.651,inf,inf,3.728,inf,inf,3.806,inf,inf,3.923,inf,inf,4.197,inf,inf,inf,inf,inf,inf,inf,inf,inf,inf,inf,6.051,inf,inf,5.585,inf,inf,5.374,inf,inf,5.257,inf,inf,5.238,inf,inf,5.293,inf,inf,5.433,inf,inf,5.686,inf,inf,inf,inf,inf,inf,inf,inf,inf,inf,inf,inf,inf,inf,inf,inf,inf,inf,inf,inf,inf,inf,inf,inf,inf,inf,inf,inf,inf,3.395,inf,inf,3.376,inf,inf,3.386,inf,inf,3.385,inf,inf,3.43,inf,inf,3.459,inf,inf,3.489,inf,inf,3.557,inf,inf,6.408,inf,inf,5.839,inf,inf,5.176,inf,inf,4.375,inf,inf,4.288,inf,inf,4.006,inf,inf,3.741,inf,inf,3.498,inf,inf,3.214,inf,inf,3.169,inf,inf,3.093,inf,inf,2.951,inf,inf,2.602,inf,inf,2.6,inf,inf,2.567,inf,inf,2.546,inf,inf,2.54,inf,inf,2.507,inf,inf,2.46,inf,inf,2.427,inf,inf,2.414,inf,inf,2.359,inf,inf,2.387,inf,inf,2.38,inf,inf,2.377,inf,inf,2.385,inf,inf,2.395,inf,inf,2.448,inf,inf,2.456,inf,inf,2.488,inf,inf,2.536,inf,inf,2.593,inf,inf,2.599,inf,inf,2.734,inf,inf,2.827,inf,inf,2.92,inf,inf,3.042,inf,inf,2.906,inf,inf,2.757,inf,inf,2.625,inf,inf,2.52,inf,inf,2.41,inf,inf,2.324,inf,inf,2.25,inf,inf,2.151,inf,inf,2.118,inf,inf,2.075,inf,inf,2.071,inf,inf,2.025,inf,inf,1.982,inf,inf,1.98,inf,inf,1.94,inf,inf,1.951,inf,inf,1.931,inf,inf,1.951,inf,inf,1.92,inf,inf,1.964,inf,inf,2.04,inf,inf,2.069,inf,inf,2.126,inf,inf,2.129,inf,inf,2.174,inf,inf,2.205,inf,inf,2.257,inf,inf,2.34,inf,inf,2.438,inf,inf,2.54,inf,inf,2.794,inf,inf,inf
1785538493.6888623,-0.41516329036035216,-0.8575637303658051,-2.746741899669642,inf,inf,inf,2.461,inf,inf,2.567,inf,inf,2.604,inf,inf,inf,inf,inf,inf,inf,inf,inf,inf,inf,inf,inf,inf,inf,inf,inf,inf,inf,inf,inf,inf,inf,inf,inf,inf,inf,inf,inf,inf,inf,inf,inf,inf,inf,inf,inf,inf,2.031,inf,inf,1.982,inf,inf,1.979,inf,inf,1.937,inf,inf,1.916,inf,inf,1.905,inf,inf,1.883,inf,inf,1.867,inf,inf,3.979,inf,inf,3.942,inf,inf,3.937,inf,inf,3.983,inf,inf,4.093,inf,inf,4.241,inf,inf,4.536,inf,inf,inf,inf,inf,inf,inf,inf,inf,inf,inf,6.139,inf,inf,5.635,inf,inf,5.417,inf,inf,5.311,inf,inf,5.291,inf,inf,5.302,inf,inf,5.434,inf,inf,5.676,inf,inf,6.265,inf,inf,inf,inf,inf,inf,inf,inf,inf,inf,inf,inf,inf,inf,inf,inf,inf,11.517,inf,inf,6.51,inf,inf,6.248,inf,inf,3.141,inf,inf,3.133,inf,inf,3.114,inf,inf,3.138,inf,inf,3.133,inf,inf,3.139,inf,inf,3.114,inf,inf,2.579,inf,inf,2.555,inf,inf,2.541,inf,inf,2.493,inf,inf,2.501,inf,inf,2.451,inf,inf,1.96,inf,inf,1.974,inf,inf,1.964,inf,inf,1.946,inf,inf,1.934,inf,inf,1.934,inf,inf,1.916,inf,inf,2.346,inf,inf,1.915,inf,inf,1.912,inf,inf,1.951,inf,inf,1.924,inf,inf,1.602,inf,inf,1.92,inf,inf,1.939,inf,inf,2.086,inf,inf,1.946,inf,inf,1.959,inf,inf,1.95,inf,inf,1.977,inf,inf,1.983,inf,inf,1.988,inf,inf,2.096,inf,inf,2.123,inf,inf,2.136,inf,inf,2.202,inf,inf,2.223,inf,inf,2.317,inf,inf,2.342,inf,inf,2.412,inf,inf,2.516,inf,inf,2.586,inf,inf,2.705,inf,inf,2.827,inf,inf,2.971,inf,inf,2.924,inf,inf,2.805,inf,inf,2.675,inf,inf,2.596,inf,inf,2.485,inf,inf,2.426,inf,inf,2.388,inf,inf,2.325,inf,inf,2.307,inf,inf,2.285,inf,inf,2.239,inf,inf,2.222,inf,inf,2.221,inf,inf,2.219,inf,inf,2.23,inf,inf,2.268,inf,inf,2.279,inf,inf,2.277,inf,inf,2.326,inf,inf,2.333,inf,inf,2.41,inf,inf,inf
1785538494.6979709,-0.6267670622751014,-1.0284087241235897,-2.9120872203645436,inf,inf,inf,2.625,inf,inf,2.657,inf,inf,2.731,inf,inf,2.765,inf,inf,2.871,inf,inf,2.931,inf,inf,3.021,inf,inf,3.143,inf,inf,3.264,inf,inf,3.427,inf,inf,3.568,inf,inf,3.777,inf,inf,3.997,inf,inf,4.316,inf,inf,4.622,inf,inf,inf,inf,inf,2.212,inf,inf,2.149,inf,inf,2.112,inf,inf,2.048,inf,inf,2.024,inf,inf,1.989,inf,inf,1.961,inf,inf,2.487,inf,inf,4.077,inf,inf,3.99,inf,inf,3.948,inf,inf,3.97,inf,inf,4.018,inf,inf,4.118,inf,inf,4.304,inf,inf,4.646,inf,inf,inf,inf,inf,inf,inf,inf,inf,inf,inf,6.29,inf,inf,5.494,inf,inf,5.25,inf,inf,5.129,inf,inf,5.061,inf,inf,5.119,inf,inf,5.192,inf,inf,5.393,inf,inf,5.797,inf,inf,inf,inf,inf,inf,inf,inf,inf,inf,inf,inf,inf,inf,inf,inf,inf,inf,inf,inf,inf,inf,inf,inf,inf,inf,2.814,inf,inf,2.794,inf,inf,2.788,inf,inf,2.792,inf,inf,2.771,inf,inf,2.798,inf,inf,2.792,inf,inf,2.857,inf,inf,2.885,inf,inf,6.427,inf,inf,5.72,inf,inf,5.941,inf,inf,5.492,inf,inf,4.02,inf,inf,3.752,inf,inf,3.501,inf,inf,3.167,inf,inf,2.983,inf,inf,2.841,inf,inf,2.696,inf,inf,2.556,inf,inf,2.467,inf,inf,2.375,inf,inf,2.307,inf,inf,2.247,inf,inf,2.222,inf,inf,2.152,inf,inf,2.121,inf,inf,2.09,inf,inf,2.048,inf,inf,2.034,inf,inf,2.041,inf,inf,2.012,inf,inf,2.034,inf,inf,2.029,inf,inf,2.05,inf,inf,2.019,inf,inf,2.043,inf,inf,2.073,inf,inf,2.102,inf,inf,2.16,inf,inf,2.183,inf,inf,2.251,inf,inf,2.364,inf,inf,2.38,inf,inf,2.438,inf,inf,2.577,inf,inf,2.694,inf,inf,2.819,inf,inf,2.958,inf,inf,3.142,inf,inf,3.144,inf,inf,3.068,inf,inf,2.911,inf,inf,2.857,inf,inf,2.801,inf,inf,2.753,inf,inf,2.678,inf,inf,2.661,inf,inf,2.622,inf,inf,2.551,inf,inf,2.574,inf,inf,2.549,inf,inf,2.529,inf,inf,2.556,inf,inf,2.566,inf,inf,2.562,inf,inf,inf
1785538495.704165,-0.9778362474968507,-1.0002332059144488,-3.0617237322483812,inf,inf,inf,2.934,inf,inf,2.983,inf,inf,3.003,inf,inf,3.031,inf,inf,3.102,inf,inf,3.154,inf,inf,3.219,inf,inf,3.326,inf,inf,3.407,inf,inf,3.513,inf,inf,3.626,inf,inf,3.811,inf,inf,4.003,inf,inf,4.184,inf,inf,4.407,inf,inf,4.677,inf,inf,2.405,inf,inf,2.337,inf,inf,2.266,inf,inf,2.207,inf,inf,2.149,inf,inf,2.098,inf,inf,2.243,inf,inf,2.69,inf,inf,4.299,inf,inf,4.118,inf,inf,4.027,inf,inf,3.964,inf,inf,3.987,inf,inf,4.0,inf,inf,4.102,inf,inf,4.246,inf,inf,4.538,inf,inf,inf,inf,inf,inf,inf,inf,inf,inf,inf,inf,inf,inf,5.445,inf,inf,5.105,inf,inf,4.947,inf,inf,4.874,inf,inf,4.852,inf,inf,4.885,inf,inf,5.014,inf,inf,5.256,inf,inf,5.817,inf,inf,inf,inf,inf,inf,inf,inf,inf,inf,inf,inf,inf,inf,inf,inf,inf,inf,inf,inf,inf,inf,inf,inf,inf,inf,2.434,inf,inf,2.415,inf,inf,2.403,inf,inf,2.38,inf,inf,2.371,inf,inf,2.435,inf,inf,2.445,inf,inf,2.451,inf,inf,2.476,inf,inf,2.506,inf,inf,2.572,inf,inf,inf,inf,inf,6.09,inf,inf,4.353,inf,inf,3.984,inf,inf,3.75,inf,inf,3.542,inf,inf,3.143,inf,inf,2.979,inf,inf,2.829,inf,inf,2.696,inf,inf,2.52,inf,inf,2.415,inf,inf,2.356,inf,inf,2.317,inf,inf,2.244,inf,inf,2.182,inf,inf,2.144,inf,inf,2.074,inf,inf,2.08,inf,inf,2.065,inf,inf,2.032,inf,inf,1.959,inf,inf,1.971,inf,inf,1.938,inf,inf,1.97,inf,inf,2.02,inf,inf,2.448,inf,inf,2.057,inf,inf,2.089,inf,inf,2.099,inf,inf,2.134,inf,inf,2.149,inf,inf,2.208,inf,inf,2.262,inf,inf,2.352,inf,inf,2.464,inf,inf,2.525,inf,inf,2.662,inf,inf,2.796,inf,inf,3.022,inf,inf,3.093,inf,inf,3.395,inf,inf,3.481,inf,inf,3.371,inf,inf,3.279,inf,inf,3.205,inf,inf,3.152,inf,inf,3.08,inf,inf,3.036,inf,inf,3.044,inf,inf,2.969,inf,inf,2.927,inf,inf,2.935,inf,inf,2.927,inf,inf,inf
1785538496.71301,-1.3340072793810929,-0.9730335015687162,2.9222710387193556,inf,inf,inf,3.399,inf,inf,3.368,inf,inf,3.408,inf,inf,3.361,inf,inf,3.353,inf,inf,3.377,inf,inf,3.417,inf,inf,3.428,inf,inf,3.452,inf,inf,3.492,inf,inf,3.566,inf,inf,3.646,inf,inf,3.734,inf,inf,3.815,inf,inf,3.901,inf,inf,4.061,inf,inf,4.249,inf,inf,4.572,inf,inf,4.749,inf,inf,2.694,inf,inf,2.59,inf,inf,2.482,inf,inf,2.412,inf,inf,2.34,inf,inf,2.276,inf,inf,2.506,inf,inf,2.844,inf,inf,4.729,inf,inf,4.361,inf,inf,4.174,inf,inf,4.072,inf,inf,4.02,inf,inf,4.009,inf,inf,4.069,inf,inf,4.141,inf,inf,4.303,inf,inf,4.598,inf,inf,inf,inf,inf,inf,inf,inf,inf,inf,inf,inf,inf,inf,5.409,inf,inf,4.974,inf,inf,4.777,inf,inf,4.657,inf,inf,4.62,inf,inf,4.652,inf,inf,4.717,inf,inf,4.87,inf,inf,5.177,inf,inf,inf,inf,inf,inf,inf,inf,inf,inf,inf,inf,inf,inf,inf,inf,inf,inf,inf,inf,inf,inf,inf,inf,inf,inf,2.092,inf,inf,2.074,inf,inf,2.065,inf,inf,2.036,inf,inf,2.047,inf,inf,2.043,inf,inf,2.054,inf,inf,2.044,inf,inf,2.05,inf,inf,2.09,inf,inf,2.112,inf,inf,2.151,inf,inf,5.326,inf,inf,4.725,inf,inf,4.208,inf,inf,3.833,inf,inf,3.521,inf,inf,3.307,inf,inf,3.044,inf,inf,3.715,inf,inf,2.755,inf,inf,2.612,inf,inf,2.524,inf,inf,2.41,inf,inf,2.303,inf,inf,2.253,inf,inf,2.192,inf,inf,2.115,inf,inf,2.085,inf,inf,2.066,inf,inf,2.005,inf,inf,1.992,inf,inf,1.96,inf,inf,1.95,inf,inf,1.941,inf,inf,1.919,inf,inf,1.948,inf,inf,1.951,inf,inf,1.978,inf,inf,1.963,inf,inf,2.027,inf,inf,2.067,inf,inf,2.093,inf,inf,2.148,inf,inf,2.243,inf,inf,2.24,inf,inf,2.315,inf,inf,2.394,inf,inf,2.517,inf,inf,2.579,inf,inf,2.753,inf,inf,2.879,inf,inf,3.079,inf,inf,3.386,inf,inf,3.565,inf,inf,3.844,inf,inf,3.74,inf,inf,3.652,inf,inf,3.579,inf,inf,3.526,inf,inf,3.452,inf,inf,inf
1785538497.73402,-1.704939199349471,-0.9142999598584807,2.5939457607974736,inf,inf,inf,4.285,inf,inf,4.177,inf,inf,4.09,inf,inf,4.034,inf,inf,3.935,inf,inf,3.908,inf,inf,3.878,inf,inf,3.869,inf,inf,3.816,inf,inf,3.789,inf,inf,3.832,inf,inf,3.829,inf,inf,3.838,inf,inf,3.861,inf,inf,3.891,inf,inf,3.925,inf,inf,3.988,inf,inf,7.059,inf,inf,4.139,inf,inf,4.242,inf,inf,inf,inf,inf,inf,inf,inf,inf,inf,inf,2.851,inf,inf,2.678,inf,inf,2.529,inf,inf,2.42,inf,inf,2.404,inf,inf,2.555,inf,inf,2.767,inf,inf,inf,inf,inf,inf,inf,inf,4.475,inf,inf,4.191,inf,inf,4.051,inf,inf,3.942,inf,inf,3.91,inf,inf,3.91,inf,inf,3.95,inf,inf,4.038,inf,inf,4.21,inf,inf,4.467,inf,inf,6.44,inf,inf,6.311,inf,inf,6.151,inf,inf,6.019,inf,inf,4.323,inf,inf,4.272,inf,inf,4.218,inf,inf,4.159,inf,inf,3.268,inf,inf,4.075,inf,inf,3.237,inf,inf,3.189,inf,inf,3.184,inf,inf,3.15,inf,inf,2.604,inf,inf,2.564,inf,inf,2.584,inf,inf,6.47,inf,inf,6.531,inf,inf,6.547,inf,inf,6.553,inf,inf,11.197,inf,inf,11.264,inf,inf,1.653,inf,inf,1.637,inf,inf,1.623,inf,inf,1.62,inf,inf,1.607,inf,inf,1.612,inf,inf,1.618,inf,inf,1.633,inf,inf,1.641,inf,inf,1.679,inf,inf,1.685,inf,inf,1.737,inf,inf,1.759,inf,inf,1.811,inf,inf,1.849,inf,inf,3.941,inf,inf,3.658,inf,inf,3.422,inf,inf,3.191,inf,inf,3.029,inf,inf,2.869,inf,inf,2.705,inf,inf,2.647,inf,inf,2.526,inf,inf,2.455,inf,inf,2.368,inf,inf,2.321,inf,inf,2.244,inf,inf,2.249,inf,inf,2.177,inf,inf,2.151,inf,inf,2.15,inf,inf,2.129,inf,inf,2.142,inf,inf,2.121,inf,inf,2.126,inf,inf,2.14,inf,inf,2.146,inf,inf,2.169,inf,inf,2.2,inf,inf,2.188,inf,inf,2.241,inf,inf,2.312,inf,inf,2.345,inf,inf,2.427,inf,inf,2.489,inf,inf,2.578,inf,inf,2.712,inf,inf,2.842,inf,inf,2.937,inf,inf,3.091,inf,inf,3.951,inf,inf,3.65,inf,inf,3.89,inf,inf,inf
1785538498.745368,-2.0800962900822157,-0.6675753721377422,2.4874915607073276,inf,inf,inf,4.01,inf,inf,4.305,inf,inf,5.562,inf,inf,5.318,inf,inf,5.865,inf,inf,4.348,inf,inf,4.29,inf,inf,4.204,inf,inf,4.148,inf,inf,4.094,inf,inf,4.096,inf,inf,4.068,inf,inf,4.075,inf,inf,4.067,inf,inf,4.108,inf,inf,4.125,inf,inf,4.146,inf,inf,4.219,inf,inf,4.242,inf,inf,4.311,inf,inf,inf,inf,inf,inf,inf,inf,inf,inf,inf,2.939,inf,inf,2.738,inf,inf,2.544,inf,inf,2.4,inf,inf,2.477,inf,inf,2.612,inf,inf,2.785,inf,inf,inf,inf,inf,inf,inf,inf,inf,inf,inf,4.347,inf,inf,4.04,inf,inf,3.861,inf,inf,3.76,inf,inf,3.728,inf,inf,3.717,inf,inf,3.714,inf,inf,3.783,inf,inf,3.924,inf,inf,4.108,inf,inf,4.568,inf,inf,inf,inf,inf,inf,inf,inf,inf,inf,inf,inf,inf,inf,4.805,inf,inf,4.305,inf,inf,4.086,inf,inf,3.967,inf,inf,3.874,inf,inf,3.853,inf,inf,3.875,inf,inf,3.944,inf,inf,4.057,inf,inf,4.249,inf,inf,4.664,inf,inf,inf,inf,inf,inf,inf,inf,inf,inf,inf,inf,inf,inf,inf,inf,inf,inf,inf,inf,inf,inf,inf,inf,inf,inf,inf,inf,inf,inf,inf,inf,inf,inf,inf,1.294,inf,inf,1.291,inf,inf,1.301,inf,inf,1.286,inf,inf,1.292,inf,inf,1.321,inf,inf,1.322,inf,inf,1.341,inf,inf,1.369,inf,inf,1.389,inf,inf,1.399,inf,inf,1.444,inf,inf,1.482,inf,inf,1.536,inf,inf,1.579,inf,inf,1.662,inf,inf,1.734,inf,inf,3.403,inf,inf,3.245,inf,inf,3.096,inf,inf,2.958,inf,inf,2.846,inf,inf,2.763,inf,inf,2.641,inf,inf,2.612,inf,inf,2.54,inf,inf,2.498,inf,inf,2.467,inf,inf,2.415,inf,inf,2.41,inf,inf,2.385,inf,inf,2.38,inf,inf,2.361,inf,inf,2.356,inf,inf,2.39,inf,inf,2.385,inf,inf,2.44,inf,inf,2.454,inf,inf,2.475,inf,inf,2.546,inf,inf,2.562,inf,inf,2.667,inf,inf,2.74,inf,inf,2.874,inf,inf,2.92,inf,inf,3.067,inf,inf,3.153,inf,inf,3.393,inf,inf,3.536,inf,inf,inf
1785538499.8338926,-2.398999862027793,-0.38910527331819417,2.4487238195254575,inf,inf,inf,4.192,inf,inf,4.596,inf,inf,4.924,inf,inf,4.95,inf,inf,4.833,inf,inf,4.705,inf,inf,4.604,inf,inf,4.524,inf,inf,4.465,inf,inf,4.361,inf,inf,4.324,inf,inf,4.291,inf,inf,4.291,inf,inf,4.271,inf,inf,4.29,inf,inf,4.306,inf,inf,4.344,inf,inf,4.396,inf,inf,4.492,inf,inf,inf,inf,inf,4.628,inf,inf,4.727,inf,inf,2.894,inf,inf,2.63,inf,inf,2.423,inf,inf,2.516,inf,inf,2.608,inf,inf,2.734,inf,inf,2.889,inf,inf,inf,inf,inf,inf,inf,inf,inf,inf,inf,4.298,inf,inf,3.924,inf,inf,3.746,inf,inf,3.621,inf,inf,3.57,inf,inf,3.567,inf,inf,3.557,inf,inf,3.606,inf,inf,3.692,inf,inf,3.869,inf,inf,4.164,inf,inf,inf,inf,inf,inf,inf,inf,inf,inf,inf,inf,inf,inf,inf,inf,inf,4.265,inf,inf,3.934,inf,inf,3.73,inf,inf,3.638,inf,inf,3.585,inf,inf,3.558,inf,inf,3.582,inf,inf,3.605,inf,inf,3.71,inf,inf,3.883,inf,inf,4.183,inf,inf,inf,inf,inf,inf,inf,inf,inf,inf,inf,inf,inf,inf,inf,inf,inf,inf,inf,inf,inf,inf,inf,inf,inf,inf,inf,inf,inf,inf,inf,inf,inf,inf,inf,inf,inf,inf,inf,inf,inf,inf,inf,inf,1.264,inf,inf,1.065,inf,inf,1.09,inf,inf,1.09,inf,inf,1.095,inf,inf,1.105,inf,inf,1.143,inf,inf,1.157,inf,inf,1.183,inf,inf,1.213,inf,inf,1.248,inf,inf,1.29,inf,inf,1.345,inf,inf,1.404,inf,inf,1.458,inf,inf,1.547,inf,inf,1.644,inf,inf,1.743,inf,inf,3.152,inf,inf,3.053,inf,inf,2.975,inf,inf,2.874,inf,inf,2.813,inf,inf,2.755,inf,inf,2.711,inf,inf,2.688,inf,inf,2.675,inf,inf,2.576,inf,inf,2.593,inf,inf,2.582,inf,inf,2.584,inf,inf,2.561,inf,inf,2.589,inf,inf,2.594,inf,inf,2.682,inf,inf,2.676,inf,inf,2.737,inf,inf,2.798,inf,inf,2.879,inf,inf,2.938,inf,inf,3.039,inf,inf,3.104,inf,inf,3.232,inf,inf,3.415,inf,inf,3.525,inf,inf,3.735,inf,inf,inf
1785538500.8552015,-2.6443901043265066,-0.15799388982628887,2.500777672682212,inf,inf,inf,5.022,inf,inf,5.381,inf,inf,5.236,inf,inf,5.088,inf,inf,4.976,inf,inf,4.892,inf,inf,4.821,inf,inf,4.739,inf,inf,4.707,inf,inf,4.644,inf,inf,4.631,inf,inf,4.627,inf,inf,4.601,inf,inf,4.598,inf,inf,4.649,inf,inf,4.674,inf,inf,4.702,inf,inf,4.814,inf,inf,4.874,inf,inf,2.922,inf,inf,2.584,inf,inf,2.62,inf,inf,2.705,inf,inf,2.796,inf,inf,2.909,inf,inf,inf,inf,inf,inf,inf,inf,inf,inf,inf,inf,inf,inf,4.391,inf,inf,3.865,inf,inf,3.667,inf,inf,3.538,inf,inf,3.448,inf,inf,3.432,inf,inf,3.422,inf,inf,3.451,inf,inf,3.521,inf,inf,3.639,inf,inf,3.839,inf,inf,4.322,inf,inf,inf,inf,inf,inf,inf,inf,inf,inf,inf,inf,inf,inf,inf,inf,inf,3.831,inf,inf,3.533,inf,inf,3.383,inf,inf,3.289,inf,inf,3.236,inf,inf,3.209,inf,inf,3.211,inf,inf,3.241,inf,inf,3.315,inf,inf,3.42,inf,inf,3.642,inf,inf,4.076,inf,inf,inf,inf,inf,inf,inf,inf,inf,inf,inf,inf,inf,inf,inf,inf,inf,inf,inf,inf,inf,inf,inf,inf,inf,inf,inf,inf,inf,inf,inf,inf,inf,inf,inf,inf,inf,inf,inf,inf,inf,inf,inf,inf,inf,inf,inf,inf,inf,inf,inf,inf,inf,1.497,inf,inf,1.142,inf,inf,0.931,inf,inf,0.836,inf,inf,0.857,inf,inf,0.866,inf,inf,0.882,inf,inf,0.884,inf,inf,0.947,inf,inf,0.988,inf,inf,1.023,inf,inf,1.06,inf,inf,1.136,inf,inf,1.209,inf,inf,1.291,inf,inf,1.394,inf,inf,1.5,inf,inf,1.622,inf,inf,1.809,inf,inf,3.032,inf,inf,2.99,inf,inf,2.945,inf,inf,2.891,inf,inf,2.845,inf,inf,2.877,inf,inf,2.812,inf,inf,2.813,inf,inf,2.837,inf,inf,2.858,inf,inf,2.862,inf,inf,2.887,inf,inf,2.894,inf,inf,2.944,inf,inf,2.987,inf,inf,3.058,inf,inf,3.12,inf,inf,3.201,inf,inf,3.313,inf,inf,3.457,inf,inf,3.569,inf,inf,3.707,inf,inf,3.874,inf,inf,4.065,inf,inf,4.328,inf,inf,inf
1785538501.8991458,-2.962796667326827,0.042337733654108145,2.63379954063224,inf,inf,inf,5.519,inf,inf,5.378,inf,inf,5.244,inf,inf,5.211,inf,inf,5.127,inf,inf,5.088,inf,inf,5.027,inf,inf,4.97,inf,inf,4.969,inf,inf,4.966,inf,inf,4.959,inf,inf,4.981,inf,inf,5.025,inf,inf,5.035,inf,inf,3.337,inf,inf,2.807,inf,inf,2.812,inf,inf,2.901,inf,inf,2.98,inf,inf,3.068,inf,inf,inf,inf,inf,inf,inf,inf,inf,inf,inf,inf,inf,inf,inf,inf,inf,4.05,inf,inf,3.726,inf,inf,3.543,inf,inf,3.434,inf,inf,3.363,inf,inf,3.347,inf,inf,3.365,inf,inf,3.396,inf,inf,3.484,inf,inf,3.605,inf,inf,3.838,inf,inf,inf,inf,inf,inf,inf,inf,inf,inf,inf,inf,inf,inf,inf,inf,inf,inf,inf,inf,3.454,inf,inf,3.191,inf,inf,3.018,inf,inf,2.941,inf,inf,2.906,inf,inf,2.854,inf,inf,2.862,inf,inf,2.866,inf,inf,2.902,inf,inf,2.972,inf,inf,3.103,inf,inf,3.307,inf,inf,3.755,inf,inf,inf,inf,inf,inf,inf,inf,inf,inf,inf,inf,inf,inf,inf,inf,inf,inf,inf,inf,inf,inf,inf,inf,inf,inf,inf,inf,inf,inf,inf,inf,inf,inf,inf,inf,inf,inf,inf,inf,inf,inf,inf,inf,inf,inf,inf,inf,inf,inf,inf,inf,inf,inf,inf,inf,inf,inf,inf,inf,inf,inf,1.513,inf,inf,1.319,inf,inf,1.155,inf,inf,1.031,inf,inf,0.946,inf,inf,0.856,inf,inf,0.793,inf,inf,0.728,inf,inf,0.706,inf,inf,0.663,inf,inf,0.69,inf,inf,0.72,inf,inf,0.803,inf,inf,0.841,inf,inf,0.927,inf,inf,1.006,inf,inf,1.147,inf,inf,1.32,inf,inf,1.531,inf,inf,1.835,inf,inf,3.053,inf,inf,3.038,inf,inf,3.046,inf,inf,3.039,inf,inf,3.048,inf,inf,3.053,inf,inf,3.114,inf,inf,3.062,inf,inf,3.129,inf,inf,3.168,inf,inf,3.175,inf,inf,inf,inf,inf,3.356,inf,inf,3.471,inf,inf,3.549,inf,inf,3.679,inf,inf,3.815,inf,inf,3.962,inf,inf,4.137,inf,inf,4.358,inf,inf,inf,inf,inf,5.007,inf,inf,5.334,inf,inf,5.711,inf,inf,inf
1785538502.9722633,-3.178656219026426,0.14786881326168666,2.7402355977746367,inf,inf,inf,inf,inf,inf,inf,inf,inf,inf,inf,inf,inf,inf,inf,8.986,inf,inf,8.921,inf,inf,inf,inf,inf,inf,inf,inf,inf,inf,inf,inf,inf,inf,5.309,inf,inf,5.319,inf,inf,3.023,inf,inf,2.978,inf,inf,3.042,inf,inf,3.125,inf,inf,3.183,inf,inf,inf,inf,inf,inf,inf,inf,inf,inf,inf,inf,inf,inf,inf,inf,inf,4.13,inf,inf,3.738,inf,inf,3.557,inf,inf,3.452,inf,inf,3.355,inf,inf,3.329,inf,inf,3.339,inf,inf,3.38,inf,inf,3.447,inf,inf,3.585,inf,inf,3.785,inf,inf,4.195,inf,inf,10.963,inf,inf,6.503,inf,inf,6.417,inf,inf,6.339,inf,inf,6.278,inf,inf,3.343,inf,inf,3.024,inf,inf,2.875,inf,inf,2.78,inf,inf,2.677,inf,inf,2.662,inf,inf,2.638,inf,inf,2.645,inf,inf,2.673,inf,inf,2.716,inf,inf,2.778,inf,inf,2.933,inf,inf,3.12,inf,inf,3.764,inf,inf,4.317,inf,inf,4.299,inf,inf,4.292,inf,inf,4.286,inf,inf,4.335,inf,inf,4.332,inf,inf,6.128,inf,inf,6.135,inf,inf,6.18,inf,inf,6.225,inf,inf,6.287,inf,inf,6.331,inf,inf,6.397,inf,inf,6.432,inf,inf,6.517,inf,inf,10.975,inf,inf,11.203,inf,inf,inf,inf,inf,11.71,inf,inf,inf,inf,inf,inf,inf,inf,inf,inf,inf,inf,inf,inf,1.331,inf,inf,1.211,inf,inf,1.115,inf,inf,1.026,inf,inf,0.942,inf,inf,0.902,inf,inf,0.84,inf,inf,0.781,inf,inf,0.773,inf,inf,0.733,inf,inf,0.696,inf,inf,0.692,inf,inf,0.67,inf,inf,0.643,inf,inf,0.65,inf,inf,0.763,inf,inf,0.917,inf,inf,1.139,inf,inf,1.51,inf,inf,3.168,inf,inf,3.148,inf,inf,3.162,inf,inf,3.2,inf,inf,3.2,inf,inf,3.177,inf,inf,3.241,inf,inf,3.255,inf,inf,3.46,inf,inf,3.521,inf,inf,3.572,inf,inf,3.657,inf,inf,3.746,inf,inf,3.842,inf,inf,3.966,inf,inf,4.098,inf,inf,4.286,inf,inf,inf,inf,inf,inf,inf,inf,inf,inf,inf,inf,inf,inf,inf,inf,inf,6.522,inf,inf,inf,inf,inf,inf
1785538504.0396962,-3.326418766308675,0.20460991524286037,2.81069842836386,inf,inf,inf,inf,inf,inf,inf,inf,inf,inf,inf,inf,9.424,inf,inf,inf,inf,inf,inf,inf,inf,inf,inf,inf,inf,inf,inf,inf,inf,inf,8.608,inf,inf,3.171,inf,inf,3.14,inf,inf,3.19,inf,inf,3.24,inf,inf,3.324,inf,inf,inf,inf,inf,inf,inf,inf,inf,inf,inf,inf,inf,inf,inf,inf,inf,4.117,inf,inf,3.738,inf,inf,3.564,inf,inf,3.437,inf,inf,3.385,inf,inf,3.348,inf,inf,3.363,inf,inf,3.385,inf,inf,3.468,inf,inf,3.591,inf,inf,3.799,inf,inf,4.266,inf,inf,6.145,inf,inf,5.98,inf,inf,4.318,inf,inf,4.229,inf,inf,4.19,inf,inf,3.132,inf,inf,2.872,inf,inf,2.695,inf,inf,2.634,inf,inf,2.579,inf,inf,2.513,inf,inf,2.511,inf,inf,2.494,inf,inf,2.515,inf,inf,2.579,inf,inf,2.569,inf,inf,2.56,inf,inf,2.576,inf,inf,2.548,inf,inf,2.589,inf,inf,2.545,inf,inf,2.565,inf,inf,2.544,inf,inf,2.54,inf,inf,2.601,inf,inf,2.569,inf,inf,2.56,inf,inf,3.166,inf,inf,3.191,inf,inf,3.195,inf,inf,3.238,inf,inf,3.258,inf,inf,4.095,inf,inf,4.152,inf,inf,4.172,inf,inf,4.233,inf,inf,4.304,inf,inf,4.356,inf,inf,6.047,inf,inf,6.121,inf,inf,6.277,inf,inf,6.413,inf,inf,6.565,inf,inf,11.388,inf,inf,11.904,inf,inf,1.203,inf,inf,1.134,inf,inf,1.044,inf,inf,0.996,inf,inf,0.931,inf,inf,0.873,inf,inf,0.853,inf,inf,0.83,inf,inf,0.781,inf,inf,0.766,inf,inf,0.742,inf,inf,0.724,inf,inf,0.707,inf,inf,0.707,inf,inf,0.688,inf,inf,0.696,inf,inf,0.663,inf,inf,0.773,inf,inf,1.693,inf,inf,3.252,inf,inf,3.255,inf,inf,3.259,inf,inf,inf,inf,inf,inf,inf,inf,inf,inf,inf,inf,inf,inf,inf,inf,inf,inf,inf,inf,inf,inf,inf,inf,inf,inf,inf,inf,inf,inf,inf,inf,inf,inf,inf,inf,inf,inf,inf,inf,inf,inf,inf,inf,inf,inf,inf,inf,inf,inf,inf,inf,inf,inf,inf,inf,inf,inf,inf,inf,inf,inf,inf
1785538505.1321447,-3.6920841493154577,0.32632968678892954,2.967599525056417,inf,inf,inf,5.797,inf,inf,5.728,inf,inf,5.705,inf,inf,5.647,inf,inf,5.7,inf,inf,5.742,inf,inf,3.403,inf,inf,3.459,inf,inf,3.496,inf,inf,3.55,inf,inf,6.098,inf,inf,inf,inf,inf,inf,inf,inf,inf,inf,inf,inf,inf,inf,inf,inf,inf,4.003,inf,inf,3.736,inf,inf,3.583,inf,inf,3.497,inf,inf,3.446,inf,inf,3.429,inf,inf,3.432,inf,inf,3.493,inf,inf,3.604,inf,inf,3.78,inf,inf,4.097,inf,inf,inf,inf,inf,inf,inf,inf,11.684,inf,inf,11.324,inf,inf,6.567,inf,inf,2.962,inf,inf,2.654,inf,inf,2.514,inf,inf,2.415,inf,inf,2.343,inf,inf,2.303,inf,inf,2.267,inf,inf,2.26,inf,inf,2.283,inf,inf,2.306,inf,inf,2.344,inf,inf,2.403,inf,inf,2.526,inf,inf,2.669,inf,inf,2.97,inf,inf,3.237,inf,inf,3.227,inf,inf,3.24,inf,inf,3.246,inf,inf,3.249,inf,inf,3.237,inf,inf,3.229,inf,inf,3.206,inf,inf,3.237,inf,inf,3.212,inf,inf,3.259,inf,inf,3.265,inf,inf,4.331,inf,inf,4.327,inf,inf,4.364,inf,inf,4.33,inf,inf,4.334,inf,inf,4.334,inf,inf,6.059,inf,inf,4.375,inf,inf,6.089,inf,inf,6.089,inf,inf,6.158,inf,inf,6.191,inf,inf,6.324,inf,inf,6.38,inf,inf,6.44,inf,inf,10.876,inf,inf,6.537,inf,inf,5.231,inf,inf,4.904,inf,inf,4.65,inf,inf,1.055,inf,inf,1.009,inf,inf,0.957,inf,inf,0.928,inf,inf,0.9,inf,inf,0.887,inf,inf,0.855,inf,inf,0.853,inf,inf,0.824,inf,inf,0.809,inf,inf,0.812,inf,inf,0.792,inf,inf,0.786,inf,inf,0.799,inf,inf,0.794,inf,inf,0.798,inf,inf,0.806,inf,inf,0.809,inf,inf,0.823,inf,inf,0.834,inf,inf,3.605,inf,inf,3.658,inf,inf,3.755,inf,inf,3.869,inf,inf,3.924,inf,inf,4.1,inf,inf,4.233,inf,inf,inf,inf,inf,inf,inf,inf,5.632,inf,inf,5.91,inf,inf,5.674,inf,inf,6.042,inf,inf,6.502,inf,inf,6.445,inf,inf,6.307,inf,inf,6.152,inf,inf,inf,inf,inf,5.949,inf,inf,5.859,inf,inf,inf
1785538506.18774,-3.939159684476853,0.4007743818498559,3.138780310005944,inf,inf,inf,5.838,inf,inf,5.853,inf,inf,4.311,inf,inf,3.66,inf,inf,3.682,inf,inf,3.736,inf,inf,3.811,inf,inf,6.368,inf,inf,inf,inf,inf,inf,inf,inf,inf,inf,inf,inf,inf,inf,4.303,inf,inf,3.938,inf,inf,3.756,inf,inf,3.65,inf,inf,3.592,inf,inf,3.582,inf,inf,3.59,inf,inf,3.651,inf,inf,3.767,inf,inf,3.9,inf,inf,4.261,inf,inf,inf,inf,inf,inf,inf,inf,inf,inf,inf,inf,inf,inf,inf,inf,inf,2.744,inf,inf,2.546,inf,inf,2.405,inf,inf,2.321,inf,inf,2.278,inf,inf,2.221,inf,inf,2.223,inf,inf,2.224,inf,inf,2.219,inf,inf,2.254,inf,inf,2.294,inf,inf,2.389,inf,inf,2.509,inf,inf,2.699,inf,inf,3.075,inf,inf,inf,inf,inf,inf,inf,inf,inf,inf,inf,inf,inf,inf,inf,inf,inf,inf,inf,inf,inf,inf,inf,inf,inf,inf,inf,inf,inf,inf,inf,inf,inf,inf,inf,inf,inf,inf,inf,inf,inf,inf,inf,inf,inf,inf,inf,inf,inf,inf,inf,inf,inf,inf,inf,inf,inf,inf,inf,inf,inf,inf,inf,inf,inf,inf,inf,inf,inf,inf,inf,inf,inf,inf,inf,inf,inf,inf,inf,inf,inf,inf,inf,inf,inf,inf,inf,inf,inf,inf,inf,inf,5.218,inf,inf,4.937,inf,inf,4.697,inf,inf,4.521,inf,inf,4.233,inf,inf,4.068,inf,inf,0.915,inf,inf,0.883,inf,inf,0.882,inf,inf,0.864,inf,inf,0.818,inf,inf,0.807,inf,inf,0.8,inf,inf,0.814,inf,inf,0.792,inf,inf,0.786,inf,inf,0.77,inf,inf,0.796,inf,inf,0.792,inf,inf,0.781,inf,inf,0.805,inf,inf,0.816,inf,inf,0.817,inf,inf,0.831,inf,inf,0.852,inf,inf,0.867,inf,inf,0.888,inf,inf,3.931,inf,inf,4.079,inf,inf,4.227,inf,inf,4.453,inf,inf,4.673,inf,inf,4.897,inf,inf,inf,inf,inf,5.538,inf,inf,5.967,inf,inf,6.551,inf,inf,6.688,inf,inf,6.52,inf,inf,6.345,inf,inf,6.218,inf,inf,6.1,inf,inf,6.035,inf,inf,5.94,inf,inf,5.988,inf,inf,5.885,inf,inf,inf
1785538507.2572234,-4.203674111205963,0.36330905791094775,-3.086931770928771,inf,inf,inf,4.221,inf,inf,3.94,inf,inf,3.958,inf,inf,4.021,inf,inf,4.108,inf,inf,6.032,inf,inf,6.103,inf,inf,9.978,inf,inf,6.355,inf,inf,6.455,inf,inf,4.443,inf,inf,4.1,inf,inf,3.925,inf,inf,3.829,inf,inf,3.778,inf,inf,3.788,inf,inf,3.806,inf,inf,3.88,inf,inf,4.006,inf,inf,4.231,inf,inf,4.81,inf,inf,inf,inf,inf,inf,inf,inf,inf,inf,inf,3.089,inf,inf,2.648,inf,inf,2.47,inf,inf,2.36,inf,inf,2.258,inf,inf,2.221,inf,inf,2.148,inf,inf,2.153,inf,inf,2.159,inf,inf,2.172,inf,inf,2.183,inf,inf,2.238,inf,inf,2.32,inf,inf,2.423,inf,inf,2.58,inf,inf,2.916,inf,inf,inf,inf,inf,inf,inf,inf,inf,inf,inf,inf,inf,inf,inf,inf,inf,inf,inf,inf,inf,inf,inf,inf,inf,inf,inf,inf,inf,inf,inf,inf,inf,inf,inf,inf,inf,inf,inf,inf,inf,inf,inf,inf,inf,inf,inf,inf,inf,inf,inf,inf,inf,inf,inf,inf,inf,inf,inf,inf,inf,inf,inf,inf,inf,inf,inf,inf,inf,inf,inf,inf,inf,inf,inf,inf,inf,inf,inf,inf,inf,inf,inf,inf,inf,inf,inf,inf,inf,inf,inf,inf,inf,inf,inf,inf,inf,inf,inf,inf,inf,4.928,inf,inf,5.154,inf,inf,4.299,inf,inf,4.146,inf,inf,3.99,inf,inf,3.886,inf,inf,3.756,inf,inf,3.691,inf,inf,3.576,inf,inf,3.509,inf,inf,0.791,inf,inf,0.79,inf,inf,0.794,inf,inf,0.771,inf,inf,0.778,inf,inf,0.784,inf,inf,0.777,inf,inf,0.789,inf,inf,0.796,inf,inf,0.787,inf,inf,0.798,inf,inf,0.809,inf,inf,0.833,inf,inf,0.854,inf,inf,0.885,inf,inf,0.883,inf,inf,0.944,inf,inf,0.96,inf,inf,0.999,inf,inf,1.035,inf,inf,4.176,inf,inf,4.147,inf,inf,4.155,inf,inf,4.144,inf,inf,3.265,inf,inf,4.076,inf,inf,3.255,inf,inf,3.256,inf,inf,3.257,inf,inf,4.094,inf,inf,4.112,inf,inf,4.122,inf,inf,4.127,inf,inf,4.121,inf,inf,4.148,inf,inf,4.181,inf,inf,inf
