t,x,y
1784442088.8963792,-0.005750604103386148,0.6428938437758173
1784442089.092643,0.8868951752572269,-0.4382375023918783
1784442089.302302,0.8048485847339123,-0.28720493380354073
1784442089.5012832,-0.935802264465086,-0.4332220305617554
1784442089.7058587,-0.2595350874657711,0.21187490195120628
1784442089.9182692,-0.3382317595300245,0.07281986913836652
1784442090.1257532,1.0727692069628723,-0.5251490199996647
1784442090.3318515,-0.3771293238499862,0.006287321365773796
1784442090.5356135,0.15835059950154123,1.206052639721404
1784442090.7429109,1.2221549679417327,-0.05843768148246273
1784442090.9415371,1.2604023815755139,0.31104994938508224
1784442091.1415815,-0.9615893781310216,0.22256071485202378
1784442091.3963752,1.1753027362062842,0.022112859834997996
1784442091.5985188,1.6331886733002712,-0.4971416743026348
1784442091.7963026,-0.03998367257129726,-0.4085067740689178
1784442092.0018997,-0.03157798019426018,0.2979958718146287
1784442092.2065005,-1.1328001221130082,-0.4343861006168253
1784442092.4917789,-1.734075386025471,-0.04513772098443167
1784442092.697169,-0.2543696251409737,1.6721952522330548
1784442092.9016082,0.3590150159396108,1.3385555479028355
1784442093.1020112,-0.09069429021356784,-0.22018391334549522
1784442093.3067787,-0.37760063930997245,1.422969522421314
1784442093.5068247,-0.47787288426289093,0.3558144491996555
1784442093.7125852,0.10953434004908749,-0.5972699266221873
1784442093.9229093,0.5773832590064828,-0.4066971776947435
1784442094.1332166,-0.16614945436042639,-1.0900028951776906
1784442094.342626,0.1615040897473686,1.3164215733760778
1784442094.5529065,-0.16296272895912484,-1.4335899915508559
1784442094.7573445,-1.1252278885011793,0.5497143547361423
1784442094.9724736,-0.46882836110694265,-0.03351064565728408
1784442095.172249,-1.3776928963354154,1.734738010123494
1784442095.3769872,-1.3675048584380078,-1.4308618800895925
1784442095.5835257,-0.8580027876829397,1.109400101147459
1784442095.7834213,-1.3570294629858093,-0.4590316631210917
1784442095.992085,0.5585367218958963,0.05260977170970878
1784442096.1973495,0.8187230760838242,0.10119807283060019
1784442096.402279,-1.3014890680112137,-0.27410657006070466
1784442096.612643,-0.26885875336270787,1.272239054198039
1784442096.8227484,-0.13595825358376237,-0.43401381122416566
1784442097.0264802,-0.14696562749411754,0.10476062825932952
1784442097.2401423,0.47978118240454964,0.004980720470272099
1784442097.4529219,-1.2393400190303145,0.5186941571682233
1784442097.668544,0.43840419398318536,1.7932748797415707
1784442097.8735137,0.15389784980701945,-0.4511000933107274
1784442098.0764542,0.9134299457323672,1.3761132314248765
1784442098.2834053,-1.1617459219504254,0.29547401532292733
1784442098.4864762,0.6851857439663152,-0.8896826818572626
1784442098.6861103,0.5160197533779411,0.5257298998751229
1784442098.8876188,0.11432436636271008,-0.6008799754915948
1784442099.1020641,-0.7282310033118597,1.3633940535876383
1784442099.3217454,-0.018463995804521974,0.0159842010255413
1784442099.523116,0.8023894837527499,0.09559070017830622
1784442099.742187,-0.6248793342074266,-0.5765707961647701
1784442100.0150492,0.6625405079818997,0.9049325291511428
1784442100.2865503,1.0571533325992188,0.704027904936185
1784442100.4865437,-0.2325708619968758,-0.45059959003992206
1784442100.7200835,-0.9366182211183908,-0.9422180100965103
1784442100.9338427,1.1960456714857624,-0.03415305548125507
1784442101.13703,-0.20069963609297573,0.2650264789123436
1784442101.3394186,-0.005152040755498317,-0.9382305018209025
1784442101.5484705,0.34325000843874914,1.9713090563763547
1784442101.7819486,0.49385510005262523,0.2821777830315866
1784442102.0887153,-0.4281371216337702,-0.7106967013728414
1784442102.3689387,-1.6386455741382946,-1.13999248456186
1784442102.5667856,0.18469756929339182,-0.08458143572127935
1784442102.775407,-0.2614326329310506,0.7164673180461685
1784442102.9823885,-1.3490258451740014,-0.4560969532110302
1784442103.1820064,-0.5147787156669429,0.7226714597326549
1784442103.3833752,-0.22752242249103508,0.6068781858565065
1784442103.5841174,0.8393807513051694,1.2511773426108888
1784442103.7861173,1.8565619394707995,-0.4536377298297039
1784442103.98604,0.7132910582182099,1.8076421921072596
1784442104.185996,-0.9757933297134072,-0.4731986029100385
1784442104.3878362,-0.6790165436146757,0.39722743823447965
1784442104.58607,-0.36284086797338905,-0.9635636405247723
1784442104.7866259,0.16946100707327566,0.4458726827403669
1784442104.9922457,0.6214932424244187,-0.3391016330166946
1784442105.1922195,-0.2603819599585079,0.2646304459821284
1784442105.4020343,-0.49426696205592996,-0.6407202095214256
1784442105.6172585,-1.5623445166394252,0.33530452510139974
1784442105.826439,-0.3900930324614743,-1.0081242848568148
1784442106.0370123,-0.299163338348347,0.5289031550284939
1784442106.2423854,0.3148310629316628,-0.5207731868384274
1784442106.4519024,0.5313928142952749,0.12850901697070793
1784442106.6660202,0.41244531335614276,0.03870839535976385
1784442106.8783665,-0.22822404419335515,0.6671117654644512
1784442107.0828333,-0.31978182527323795,-1.3513255504761421
1784442107.286056,1.6506687733538468,-0.04278932749227832
1784442107.4870462,-0.12450109757097741,-0.6363480307062882
1784442107.6923926,0.5397655681400071,0.1410658397060021
1784442107.9031825,0.686730362689892,0.4614151190961624
1784442108.1123934,0.6896580141957463,0.16991383917038302
1784442108.3723302,-0.6105085677453702,0.771618659809222
1784442108.5764225,0.6183471873296095,-0.5896981245198809
1784442108.7857862,0.10706824261197045,0.017366766299166655
1784442108.9915202,0.9931421646006013,-0.5173238232811541
1784442109.1914043,1.1599150859660206,-0.3639315382075086
1784442109.3911927,1.0014573477322688,-0.2023744651588447
1784442109.5979667,-0.12977177072385873,-0.4665139719818481
1784442109.8062024,-0.8328827369120597,0.8993193307094053
1784442110.0095284,-0.7275006848277216,-0.9408518269039592
1784442110.2264113,-0.7580335922588695,1.0233275485689857
1784442110.4337723,-0.3946538135987546,0.6545539458868278
1784442110.637001,-0.3010977414401884,1.3196667832109297
1784442110.847304,1.347204989255848,0.7849876775349433
1784442111.0516229,-0.5016195198599535,-0.04815918583407538
1784442111.2565565,-0.04676945038379537,-0.5386804820097301
1784442111.4747891,-0.6388994774497823,-0.2505551858209362
1784442111.6818383,0.04640164130426183,0.81766961750867
1784442111.8858154,-0.2478654321271767,-0.6504014222553977
1784442112.0862422,-0.32138009830076986,-0.5292200650821076
1784442112.2884905,0.34387589590983914,0.9128236643727373
1784442112.4918144,0.0923364724318896,0.5251931601856079
1784442112.6907413,0.07598506699434054,-0.09772743688708638
1784442112.896635,-0.20817206271668864,-0.22109119021779267
1784442113.096157,-0.352254245747364,-0.5248508052194809
1784442113.3057868,-0.2715134578987461,0.056051449761683865
1784442113.5074074,0.5461700591108026,0.233726422991344
1784442113.7063339,0.591457486588112,1.3279419715283745
1784442113.906563,-1.048964690008607,-0.3848366961042741
1784442114.105278,0.3710301280202643,0.04571571935569871
1784442114.3135285,-0.4262434793070942,1.9652541068763656
1784442114.5215018,0.7574018127945635,0.09029240362422407
1784442114.7261071,0.19237226247897501,-0.023629416157866824
1784442114.933466,-0.04657347777594266,0.4091482334441279
1784442115.153544,-0.1783120800395311,-2.616522290041601
1784442115.3576899,-0.884823610813101,-0.9572042346851898
1784442115.566845,-1.3066238813021054,-0.6211171698015074
1784442115.7707858,0.00881549325224149,-0.3844401082223706
1784442115.9720304,-1.972066701668622,-0.1258235943112894
1784442116.1717103,-0.4871343811614229,-1.14376718322797
1784442116.3728368,1.6001824013360544,-0.7360297057474833
1784442116.5770855,-0.3965252529951828,-0.8969783734891027
1784442116.7812772,0.0121593721320154,-0.6642437562778856
1784442116.983019,0.04947457569517766,-0.5600122083858727
1784442117.1859972,-0.12480796750694645,-1.053967841798946
1784442117.3861556,0.5095640993067428,-0.4789991997503633
1784442117.5868168,0.262694079828223,0.46893701992147147
1784442117.7919557,-0.35036989567233123,0.1556408941370376
1784442117.9913185,0.19939955534859696,-0.2641768396556704
1784442118.1923602,0.17553721984313228,-0.679251812361792
1784442118.3974333,0.18152668089822557,0.6637666746996677
1784442118.6016176,-0.16175473173690813,0.7305723231642433
1784442118.803153,0.1138798746829541,-0.954915716850212
1784442119.0201266,-0.6966396523872801,1.4765693080800522
1784442119.2109673,-0.027384935751259783,1.3304478107836284
1784442119.4173388,0.6770177737862669,-0.690800896010175
1784442119.6227968,-0.306459341481346,0.7912178818062309
1784442119.8283994,0.8254783832855779,0.9269374658587213
1784442120.0417778,0.22877009643985138,-0.5638259661310991
1784442120.2472234,0.39183417459790576,-1.448145019914232
1784442120.4572165,0.12312943242719579,0.7391133599727377
1784442120.6656203,0.7546061599237078,1.6835361875585646
1784442120.865695,0.491238560604941,1.3808414472950037
1784442121.0668268,-1.1812281860753255,0.9515648234575379
1784442121.266178,-0.5950857594640931,-1.4246263462526936
1784442121.4712172,0.3945132343042367,-0.5162548178854217
1784442121.6721091,0.3796798068230522,-0.2627658340119775
1784442121.8830357,0.09243990696418508,0.08172308566380748
1784442122.0837803,0.21696866333632686,1.5584799530735651
1784442122.2814531,-0.46175829126469214,0.14957732077040678
1784442122.4826894,-0.6557709886440981,0.9067143572818536
1784442122.6854646,-0.1679488821514784,1.7606072884242123
1784442122.8945773,0.06593915529961768,0.023405210091354694
1784442123.13628,-0.6904241961755074,0.7545192625327097
1784442123.3413184,1.8142209036708035,0.431258447624084
1784442123.546947,-0.41650101487844327,-0.7213577321435978
1784442123.747346,-0.39717455187066103,1.370958910764558
1784442123.9495835,0.07431545728363957,-0.3269337078236492
1784442124.1512613,-0.05367602591838297,-0.575582428703872
1784442124.3572087,0.18749611479772893,-1.2140050391071846
1784442124.5580897,-0.3782045678049353,-1.6826163029667751
1784442124.7563195,-0.5627412548920808,0.041383094800032424
1784442124.9580226,-0.3033474223008436,0.6568133599606002
1784442125.1619134,-0.1179646695012076,0.48340096672766186
1784442125.373225,-0.4382856445100636,-0.27810540308157555
1784442125.5726519,1.2203609770253498,0.7868648264846684
1784442125.7784476,-0.22055701304050063,-1.801662624610645
1784442125.9823847,0.4391843139919537,0.1311219137199487
1784442126.1822698,0.17177410739853452,0.13251952908039388
1784442126.3819005,-0.5777312832770997,-0.8299810102357097
1784442126.6582172,-0.9535482741162301,-0.6621881713986213
1784442126.862181,-0.40319597004093427,-1.0926530586668104
1784442127.0616367,0.44500288041844654,0.5683213681978452
1784442127.261302,-1.5428054201137649,-0.9268085774381435
1784442127.4605904,0.8227153493122081,-1.0781224591733976
1784442127.6674933,-1.0482517192232073,0.3023387919052159
1784442127.8723953,-0.21733026579937836,0.14852604473418993
1784442128.081401,0.2945497535690369,0.5621748033713148
1784442128.2820845,-1.1920979217504428,0.2639392220356803
1784442128.4865155,-0.5228091262682898,-0.650582638359983
1784442128.691101,-0.11055401052627653,-1.1073082984903886
1784442128.8980024,1.0068143687105444,-0.39844963023265284
1784442129.0965104,-1.1539505047243337,-0.8523199338730794
1784442129.2969189,0.16554159201452112,1.021076548405768
1784442129.5020366,-0.25483048875340875,-0.7915678969587986
1784442129.70703,-0.4485855543520639,1.1821449893227443
1784442129.9172547,2.24145896125668,-0.9546804514739573
1784442130.1271164,-1.8223661135700493,0.5424578483408514
1784442130.3861651,-0.7514322008562866,-0.359061831787321
1784442130.5815992,-0.6405196166690851,0.009463551615982665
1784442130.7861686,1.2938081632057823,-0.37627228672968877
1784442130.9877753,0.13919289591904288,-0.17754448319892155
1784442131.1915066,0.5180505793199127,1.1649683693740123
1784442131.3963993,0.011319947900255384,0.017868693466168446
1784442131.6020172,0.09875619641824503,-0.6141055491119375
1784442131.8015344,0.9860658453241917,0.20612660475944003
1784442132.002355,0.10306496294527451,0.6275881360416325
1784442132.2072854,-0.2822622104623036,1.473203265265547
1784442132.4175477,-0.07518243533610987,-1.3438340978233076
1784442132.6167426,0.09827999980060417,0.6740210691590753
1784442132.8180668,-1.340557997295424,-0.31910341763430494
1784442133.0294313,-0.2643068198508113,-0.5790269038598854
1784442133.2418084,-0.26115714007343455,0.24392744190071003
1784442133.4471107,0.5165803649083914,-0.861557853129304
1784442133.6541317,-0.1712124923128277,-0.45336615552362014
1784442133.8697052,0.4853498809177855,-0.5091364371759152
1784442134.0770202,-0.9633601924537162,1.2636004327882233
1784442134.287451,-0.529597530524307,0.6126429498465921
1784442134.497254,-0.34704810327108626,-0.5215451198043103
1784442134.6964567,0.6794802522431882,-0.027288604089580806
1784442134.8965635,0.31899931362713035,-0.8370690783588443
1784442135.101364,0.7886716745216156,0.428624154610031
1784442135.3017895,0.31861115140433155,0.16517600372882535
1784442135.508085,0.7610038443607375,1.3058534681070142
1784442135.7075915,1.2010091279955748,1.4875012951465962
1784442135.9069169,1.31308565997424,0.06878867581251753
1784442136.1082783,-0.32823933522237037,-0.6309606282334077
1784442136.3073864,-0.5832349781483752,-0.3999921035294134
1784442136.505559,0.09440707159220019,0.11366777230757633
1784442136.7259815,0.9040587297143815,0.11860573919237759
1784442136.9268312,0.6458656870432696,-0.2229051371393275
1784442137.1304781,0.23643065538918018,-0.470096039491575
1784442137.3315747,-1.3755899451808926,-0.5580500780593315
1784442137.5313962,-0.8180380289023078,-0.7441386652223515
1784442137.740515,1.8509628478527151,0.5953911697946194
1784442138.0065837,0.9855906322350889,-1.6420518330947542
1784442138.2523422,0.38433549852219256,0.27732954938363646
1784442138.5056236,0.7248964120420037,0.5049677623474034
1784442138.7445707,0.9916397994215846,-1.5554660922892285
1784442139.2713373,0.5008709147560727,1.8800564206415489
1784442139.3663735,0.38927790667862866,1.2030930738246706
1784442139.569,1.103029228802808,-0.033717176087986044
1784442139.7774947,1.058509031176461,-0.3431074117817465
1784442139.982108,-0.4765078422819793,0.2499168224620758
1784442140.1820314,0.008265104244461762,0.24977372028296263
1784442140.3839772,0.06404284276626777,1.290531846794206
1784442140.59446,0.04042195277001527,-0.17011683475787331
1784442140.7976942,0.03300942656313515,0.18778710591966322
1784442140.996417,0.6489595104446757,-0.5869851872533598
1784442141.1978385,0.36638432159758344,1.0594715215011827
1784442141.4056578,0.5319052692436929,-0.5744481528128754
1784442141.6174154,-0.6829047519890455,-0.7359927466778252
1784442141.8172212,-0.35103970881817087,-0.048932036318365735
1784442142.020343,-0.5408456673380736,-0.6969830369699723
1784442142.2241986,1.2889851456444257,1.7558550595594196
1784442142.4287727,0.35101433257558035,0.4007716531003117
1784442142.632133,1.0170666937214015,0.5774095919571294
1784442142.8318079,-0.6093086276629672,-0.9081685440464016
1784442143.032731,0.7187455742210611,-1.365411884046067
1784442143.244771,1.2861865099543728,0.28238226880211303
1784442143.4472747,-0.5825602446291711,-0.019372596340500595
1784442143.6567864,-0.7318145526451343,0.00456494287730784
1784442143.8719137,-0.2823420923523382,0.3009145861521058
1784442144.0865333,1.0175306777677202,0.69663482898582
1784442144.2866166,0.6153668310512647,-0.23245645947713284
1784442144.4971328,-2.125805736687346,0.026020081958744615
1784442144.701422,1.2251047744466448,0.960630931140859
1784442144.908085,-0.4596006233275939,1.2406774680822719
1784442145.1173337,0.8797404130506962,-0.1445264795781192
1784442145.3219109,0.9084087069842463,-0.10435741056707896
1784442145.533105,1.0838399846770757,-0.4956050684992263
1784442145.741655,-0.1340247316636699,0.7643428297487248
1784442145.943161,-0.3348467526500418,0.9748032558101354
1784442146.1854594,0.5026644391665382,-0.8003035539468242
1784442146.3861969,1.045731282330115,0.2918384307778623
1784442146.5857708,-0.4864837323633906,0.8787309563128455
1784442146.7868276,1.2159725782320128,0.18335412459859565
1784442146.9857569,0.027328478688318628,-2.0899152897729523
1784442147.1882093,-2.1295748940929644,0.9484909258531852
1784442147.3915591,0.4889285555298548,-2.106337954067458
1784442147.5915763,-1.4811616503379208,-0.6443853899117141
1784442147.7980134,0.26915753948193527,-0.9703636725513203
1784442148.0069556,0.6864060419714464,0.06718514126789653
1784442148.2093313,-0.6146857423183598,-1.671825366023969
1784442148.4173222,0.7596417844599389,-0.44571102607147783
1784442148.649044,-0.9792641593437286,0.12249383681181183
1784442148.8475173,-0.7040033393050754,0.21722378180124102
1784442149.0515664,0.8955423594330761,-0.9997138552291136
1784442149.2590764,-0.13192964088388942,-1.3155203105152007
1784442149.4658308,0.24020413955982528,-0.6543840312294484
1784442149.672543,-0.6069951730855144,-0.46955329098439264
1784442149.883748,0.36885128364654995,1.9396370308318442
1784442150.0869153,-0.8455803406957962,0.8152668030339991
1784442150.2913747,0.5093657712967725,-0.07030717312762347
1784442150.4972932,-0.17105391146252355,-0.5187938756027207
1784442150.702145,2.127667184122427,0.9167876615852646
1784442150.9137833,-2.027766061080813,0.41024641502340575
1784442151.117093,-0.3480328895115676,-0.001966186470330505
1784442151.3307252,-1.6662512715767368,-1.3281002011296947
1784442151.5431838,0.2042449161544151,-0.36775942464521033
1784442151.7531998,-0.03495466399537239,0.1943713282394568
1784442151.9612477,-0.7802515095975731,0.59436666166434
1784442152.161669,0.17402041012640557,0.6554137528366853
1784442152.3614967,0.36974939367729526,-0.6401552588663719
1784442152.5608764,-0.34013342694052684,-0.9594183498444918
1784442152.7610888,0.7677419094605175,-0.7637413211733506
1784442152.96651,1.246134986227477,-0.531750446395853
1784442153.1692567,1.0414849178981926,-0.6795478369604833
1784442153.3724177,-0.2959992924042605,-0.9341186629011518
1784442153.5719147,0.2742970752658157,0.15484091071672296
1784442153.7725205,-0.6262890285357441,0.30400207752445185
1784442153.9709609,0.5878119073263036,0.5071482872548982
1784442154.1711893,-1.4040204905985283,-0.9316742902903518
1784442154.3762863,-0.7035614177026823,0.6884856919585112
1784442154.6663408,1.1871346554040738,-0.21776809324869964
1784442154.8720376,0.30072927415708334,-1.634721590935406
1784442155.0714934,-1.3693880158727465,-0.42355776818568225
1784442155.273456,-0.3069324135780537,0.19837098062129394
1784442155.4807453,0.7663607831574617,-0.13764615748895295
1784442155.6833088,0.018198281692515347,-0.6502016368514203
1784442155.882756,1.725232600453092,-0.5755868941931085
1784442156.0871735,-0.13487306365114926,-0.6970639283934777
1784442156.2917964,1.149691218552337,-0.1589415928867517
1784442156.4901803,-0.42309966644825897,0.4508954808253102
1784442156.6916308,2.3792032653473894,1.6873497424416424
1784442156.8922453,-0.293977016923931,-0.9911341946499993
1784442157.1023164,0.7899186092033477,-0.7055756896439892
1784442157.3017187,0.3729317005130594,0.04399982285228163
1784442157.505939,0.2576256408521016,-0.8490141954437745
1784442157.7074146,0.32294115812307483,1.3647029727278197
1784442157.9060178,1.3453407813093874,-0.6850845407698859
1784442158.1058664,0.020786860999527104,0.5843360322651157
1784442158.313351,0.4407840953193262,-0.7089661180372987
1784442158.5235157,-1.8849389316820941,-0.614299842305563
1784442158.7404265,0.30135394556304046,-1.0562583391232103
1784442158.951925,0.3646448814453318,1.8085801397609658
1784442159.1573575,-0.28628808394816085,0.3743560128942391
1784442159.3689682,0.46818480617736163,-1.7284841026389703
1784442159.5805182,-0.2726623734238906,-0.6314068569756439
1784442159.7870991,-1.1916214232263647,0.4585209252945574
1784442159.9863527,-0.062120312309179644,0.7508062016620215
1784442160.1973078,1.453711654277273,-0.7672785133059046
1784442160.4016495,-0.46513603486800414,0.8139811106515785
1784442160.6135337,-0.4435433420513435,0.44105083433298387
1784442160.8183262,-0.30823764021883393,-0.014689393797189948
1784442161.0217052,0.8020975443622913,0.922972654064104
1784442161.2268748,-2.2896868143492686,-0.06093633976483702
1784442161.434768,0.8667417732968774,-0.5209546812260307
1784442161.64847,0.07115187554934997,-0.819160662672201
1784442161.8517072,-0.2917807439295416,0.7851125828864272
1784442162.0507982,1.1178227757701842,0.10191130020767024
1784442162.2524652,0.3411160298057774,0.5409775500363846
1784442162.4630628,1.1959628398705118,-0.890299026454673
1784442162.6673017,0.3294604534783275,0.707336678042587
1784442162.8689947,0.01874161323350322,-0.4672234324375707
1784442163.071575,-0.8889561058488713,-0.7735082621073259
1784442163.2759776,0.9083929959676441,1.3947177663156505
1784442163.475828,-1.9499553398421918,-0.39702352561520116
1784442163.6772664,0.6017479321963113,0.32675648527113976
1784442163.8875372,0.9041608011322066,-0.07657897726549198
1784442164.0913858,-1.130519554090276,0.12138593173467949
1784442164.3082125,-0.8269415809500058,-0.23091978024646453
1784442164.527092,0.7733443322279908,0.7126963142300992
1784442164.7325609,-0.03657016666121124,-1.2179630914941422
1784442164.9433033,-0.832661061517535,-0.9388216612596546
1784442165.151722,0.2587422301053446,0.4572542995958121
1784442165.361291,-0.024484191922447576,0.11050437362904506
1784442165.565823,-0.09593859851446694,-0.531043095665494
1784442165.7714894,0.5299527447325726,-0.7877797668545872
1784442165.9713395,1.1462963628425724,-0.13032802465027077
1784442166.1762664,-0.3876941020443175,0.4229645696853252
1784442166.3769474,0.7877026574327487,0.6171650042518557
1784442166.586414,-1.16830128238734,0.33487970676145706
1784442166.7963972,0.16637448643580782,-1.0536287030182836
1784442166.9966428,0.12142645612923464,0.10172754436793244
1784442167.1973238,0.2386102103706035,0.2535328472982223
1784442167.39776,-1.0620114164219603,-0.6515359817901751
1784442167.607508,0.8226193505239046,1.3925343408028337
1784442167.8071358,0.5727449331334238,-0.5249221302300062
1784442168.0182617,-0.830062149736899,1.8187872315061075
1784442168.2334552,-0.5773217044167993,-0.23318382007493574
1784442168.4385374,-0.9248349452243849,1.1096253956194366
1784442168.6471732,0.25113790976215616,0.4498266054852658
1784442168.8517168,1.3296152936757004,-0.6769846840510082
1784442169.0557337,-1.0283576603625124,0.3100773496061165
1784442169.2573116,0.8326976445873608,0.3491216122977178
1784442169.4663563,-0.4817108094673566,-0.8133551590208149
1784442169.6825173,-1.46878235323878,-0.08890245968397918
1784442169.871139,-2.727754326387395,0.09379321112552451
1784442170.0760832,0.5988749573374313,0.2777202626483319
1784442170.3077457,-0.8058561609660635,-0.43781177274068156
1784442170.5202243,-0.7662572150134356,1.5172126688705785
1784442170.7962625,-0.3531551028238515,0.2275675215440408
1784442171.0458138,-0.4539428156104626,0.2744080055909201
1784442171.2716436,-0.749521391024261,0.2769653788931986
1784442171.4726906,0.040706082879383196,-0.5962974224296151
1784442171.6709392,1.4388573472598805,0.18777718946239094
1784442171.8712642,0.13386538287932642,0.1683727600408536
1784442172.0708354,-0.7596718133469242,-1.5674970252879308
1784442172.287389,-1.2468425678634014,0.600535541313933
1784442172.4865727,-0.0159194660009804,0.4755409185134834
1784442172.7432985,1.7162933522959285,0.809072451571425
1784442172.9831104,0.2843790756343263,2.220581273982292
1784442173.217687,-0.0931525782304288,-0.4670789202575426
1784442173.4168942,0.1892440476019258,0.5014473830767237
1784442173.6159446,-0.034743020458072545,-1.3947640048243035
1784442173.8166168,-0.12942116614430482,0.8371538979557643
1784442174.0275705,0.7283184329303569,-0.6605765906167186
1784442174.2318578,0.47769137570758924,0.18037496989950472
1784442174.4431965,0.4172972672645881,0.5176646988596999
1784442174.6473126,1.190976271303736,0.49437126824177696
1784442174.852454,0.5954563714453724,1.3469016582467521
1784442175.0627131,-0.10126360823634534,-0.08841788244019046
1784442175.2682872,1.273958624964035,-0.026221139125512907
1784442175.4773002,0.5096270067252444,-0.26471148894179397
1784442175.6872048,-0.07174985429532463,1.3118059596429026
1784442175.8996503,0.36409647165393566,-0.7462423174881809
1784442176.1062827,0.19177318924649114,0.2964158156764129
1784442176.312365,0.6275550324842035,0.40225812257559107
1784442176.5229769,1.0557910325033,0.43847547070715903
1784442176.731709,-1.1399772154100565,-0.30906624875548283
1784442176.9416983,-0.20577687194780636,-0.015842031253794856
1784442177.148184,-1.1297648783247072,1.4172505792772232
1784442177.357063,0.8346970961409387,-0.17886863577335918
1784442177.5640287,-0.04677871371901843,-0.241094649582797
1784442177.7718046,0.2388478601560587,-0.1538085208740381
1784442177.9862583,-0.1836254695876802,0.791828537283037
1784442178.1874158,-0.2290369184130004,-0.4341283069184443
1784442178.3873348,1.7109481460273714,-0.7441208665984913
1784442178.5911849,1.3662620958544855,1.954137783686838
1784442178.7959507,0.38234487224251956,-2.334176876008935
1784442179.0077825,-0.7033089999858865,-0.47014336510303256
1784442179.213267,-0.1187252035423215,-0.8979153550064287
1784442179.4228728,-0.08728849145837286,0.5502864576623041
1784442179.6207626,-0.8045988778845813,0.5633223700305285
1784442179.8218563,-0.7800489938202504,-0.27810718713309807
1784442180.0219896,0.6753942518549296,1.014997520992622
1784442180.226732,0.4147114472126636,0.5782842496505964
1784442180.4283648,-0.5010811641995385,0.1252863277535468
1784442180.6373844,-0.26313256472880847,-1.297467082443303
1784442180.8475323,0.5363497137543873,0.04584151967666834
1784442181.0484111,0.5975116778386027,0.10198907195163329
1784442181.2517452,0.7207584490978037,0.05933083330273775
1784442181.4521732,1.2649167930399436,-0.25126717569425133
1784442181.6565347,-0.07589051472726427,-1.082308434109049
1784442181.8621194,-0.75842832772217,2.0217259440986552
1784442182.0759792,-0.7575540936686042,0.6209467250458308
1784442182.288277,-2.002414363900698,0.3364937407215431
1784442182.4971082,-1.8251830443656836,0.7072823738090321
1784442182.7019827,1.360003104665767,-0.9240505562106966
1784442182.9023309,-1.0528625709145054,0.061798752213648264
1784442183.1123533,-0.23074326652689275,0.9979046485321836
1784442183.3228085,-0.4251454155803297,-0.04983868726229046
1784442183.5279741,0.2257648715940279,0.0994513096999146
1784442183.7376263,1.4864492132403166,-0.5412999420378746
1784442183.9492364,1.2715620823484504,-1.504622355874771
1784442184.1567235,-0.8782112974127908,1.377212409922288
1784442184.3620315,-0.3713780406889445,0.1933843113628483
1784442184.5659688,0.6910826850872447,1.4693082553182597
1784442184.771597,0.4851236538824504,-0.14190376662905543
1784442184.9777844,0.42904693769608604,-0.17891618157368494
1784442185.1896305,-0.6999768235261298,2.531636345849245
1784442185.386326,0.2225804945389503,-0.1787673717610123
1784442185.592732,-0.7420218529540203,0.24049618797467912
1784442185.7989187,0.5081044338986078,-0.8861490877814442
1784442186.0084004,-0.5829601281899951,-0.45368494463035475
1784442186.21663,1.1267152622542496,0.8185691027674276
1784442186.4216065,0.41257797511169225,-0.17980293092022048
1784442186.632299,-0.48703866391108164,0.35442006416832506
1784442186.8378901,0.0942830987484542,-0.26432733141227793
1784442187.0620337,-0.2670507886143954,-0.5853438974268275
1784442187.264992,-0.011042665858712782,-1.2294404316975585
1784442187.4687014,-1.1159335155338894,-0.5871560800621598
1784442187.6731431,0.03142344082916672,0.9479395074684893
1784442187.8815532,-0.1081648001626718,-0.6688492975037812
1784442188.1211646,-0.7604286325552572,-1.617273403410818
1784442188.3273113,0.09334087694288135,-1.1544764379812693
1784442188.5331144,-0.14762007628899043,0.1917591302729306
1784442188.7314095,-0.18440901125215758,-0.40278416680283785
1784442188.9377325,-1.7470102391327529,0.8073373667522449
1784442189.14247,-0.05595028316302551,-1.4005555664344271
1784442189.3488588,1.0760745009809618,2.1914223991738795
1784442189.5573096,-0.06749378603396552,-0.8625297553200807
1784442189.767612,-0.5065808928264924,-1.2179228012518997
1784442189.9936786,-0.16099603176559557,-0.0567648224309326
1784442190.1737778,0.41375147747328955,0.3304042692459907
1784442190.378321,0.5051156524719306,0.269085588736655
1784442190.5807862,0.5635892084399489,-0.8786644214913951
1784442190.7815433,-0.28436062575437954,-1.0676914103543784
1784442190.981767,0.3494386836710141,1.603207057443057
1784442191.1878443,-0.4290808470623269,-0.13201309256922927
1784442191.3922958,-0.7789789414541888,0.5721595519603828
1784442191.599289,-0.4267211904797687,-0.15712611052777767
1784442191.8062704,0.013628860995128667,0.8393587330270071
1784442192.013096,0.5209426483587257,0.47127249850406927
1784442192.2229154,-1.1218552998181686,-0.6069986014039928
1784442192.4324288,-0.42847728143271374,0.33377363365187446
1784442192.6427639,0.03514981031479138,-0.36963067518493903
1784442192.847972,1.0724303618595694,-0.11320152700971448
1784442193.0564263,-0.27551114536083915,-1.0921417671416924
1784442193.2632546,0.8005563178822674,-0.6365861111482557
1784442193.4719179,0.24750387430567652,-0.7590110012845334
1784442193.6723523,0.36464371894416364,0.20182997395643643
1784442193.8739083,-0.7626304912567332,-0.7440889004955528
1784442194.0764275,-1.1878426279107266,-1.09812517371483
1784442194.2862492,1.3153244927693983,-0.8851180139451604
1784442194.490998,0.2863113130140849,-0.16129562469101147
1784442194.6914082,0.17163900230614573,0.25274570939130436
1784442194.897343,0.8102648836347092,-0.11234294116384907
1784442195.107885,0.580010413120028,-0.8773401064006178
1784442195.3586597,0.13213782908497348,-0.4879119259857696
1784442195.55786,0.23337902738486074,-0.5571580393399056
1784442195.7616851,0.04592158345268063,-0.7397417039443456
1784442195.9614236,-1.1640325189081775,-0.38934724049786534
1784442196.1682627,1.0695014879805824,-0.015215483485140395
1784442196.3722162,-0.6405089744668121,-0.24743775475108643
1784442196.574484,-0.0445497244374384,0.6416634945894608
1784442196.7764034,-0.04549492983923436,0.929941900148718
1784442196.9830966,0.8509754593688706,0.5662488062896818
1784442197.1918218,-1.2777344911281998,0.15938212746011293
1784442197.392922,0.8150949265201466,0.023534201025868007
1784442197.602306,0.2673020534616997,0.988698792848917
1784442197.8068056,0.5598176052108008,-1.0850885207357857
1784442198.0176399,-0.5886695239526462,0.3267189167166095
1784442198.227178,0.12666639739652205,-0.5080581173265396
1784442198.4474652,0.2871446406790074,0.41318822465862115
1784442198.6523032,0.2930155556376851,0.5954522461225086
1784442198.8580406,-0.5220607416667953,1.4068306975396037
1784442199.0664783,-0.17663650956789426,-0.20664187865657307
1784442199.2673044,0.38060893210286184,-0.583849992466314
1784442199.4709253,-0.995579160247029,0.8571572196479229
1784442199.6783633,0.7163062104947656,0.6442684464752121
1784442199.8864782,-0.07539216486434502,1.5427198833262452
1784442200.1885657,1.2111766024895307,-0.30696161176046227
1784442200.2934623,0.44977303502208743,0.417537580468033
1784442200.4965224,-0.2583270592618455,-0.8787884539157391
1784442200.706605,0.22713300489647173,-0.33883586210785116
1784442200.9071732,-0.2919325215893707,-0.21561233499412802
1784442201.1216314,0.033650431060903645,0.8291180367433536
1784442201.3281283,1.2472096834589708,0.11020468686569805
1784442201.531485,0.3621550741930025,-0.10980074277462841
1784442201.7364562,-0.8833984707813218,0.1680345619864307
1784442201.9357831,0.8413968502916472,-1.1062391522010269
1784442202.143411,-0.3342292610688952,-0.2635712351215479
1784442202.3523438,-1.1031668815676383,0.028798051333728654
1784442202.562868,-1.283865457654,-1.3667397270888337
1784442202.7684984,-0.1807799443635522,0.07032200011685755
1784442202.9676452,0.5981964891284626,0.5983334917868257
1784442203.1722243,0.8865599730057199,-1.1622015471030303
1784442203.3730288,0.8276406914869787,1.3068593258460064
1784442203.576927,-0.023080457819193892,0.8552427299459736
1784442203.7872195,0.43118381591120714,0.3628394835591656
1784442203.994265,0.1113362129831218,1.962877826250759
1784442204.1959708,-0.22623615561204072,-0.6803303746972841
1784442204.4481409,0.7910413122830274,-0.35027053604271235
1784442204.6671114,0.22919639628731314,-1.3231706200339652
1784442204.8720927,-0.6101058364439981,0.4671114504646791
1784442205.0760458,0.7626694056387665,0.9715662311694285
1784442205.282043,0.2131927812068287,0.8249244341841596
1784442205.4855423,-0.8887995659694267,-0.48627125023468604
1784442205.6870692,1.267730197759861,-0.17311397618448235
1784442205.8868792,-1.1285674695737204,0.8055699119403478
1784442206.0871353,0.15769653729671418,1.1563492153305042
1784442206.286659,0.4328713256907261,1.148698205960896
1784442206.4957113,1.006005985555647,0.22593279205995187
1784442206.7020335,0.44752189580784596,0.5087453016881143
1784442206.9082303,0.17922572339178455,-0.6130998017296657
1784442207.1173677,-0.24102589144943265,0.9062772323856959
1784442207.3221548,-0.3729028354852418,0.3129381014637517
1784442207.5312173,-0.5486323876080749,-0.6662084278353423
1784442207.7451751,0.5504881094087127,0.646439295467737
1784442207.9526026,0.0907711043825176,-0.27646109160879484
1784442208.1625779,0.3229773497146599,-0.27041368984069697
1784442208.366143,-1.792158948576129,-0.7629029138035041
1784442208.568861,0.22697524631283492,-0.32330187467951443
1784442208.7716517,1.6691799469131237,-0.5260070799499716
1784442208.9724472,0.7170729614250341,0.26214947420361756
1784442209.1856394,0.21452820401050715,-0.3322465787406301
1784442209.3924954,0.9147670689752012,0.18913618779425803
1784442209.6028306,0.6040513762090088,0.6067163976778294
1784442209.810719,-1.034767165390278,0.6022788183041085
1784442210.0164793,-1.4718089771723781,0.6153269555203383
1784442210.4190505,-0.22942973851859344,0.84518981318292
1784442210.4363468,-0.5188639816362595,-0.4259309957114164
1784442210.6455028,0.5443797322581688,-0.9149723707984144
1784442210.8480942,0.35198202046723936,0.10530652018658168
1784442211.0559573,0.9507922113029681,-1.83260351926743
1784442211.262214,-0.6051811026879687,-0.3597801308184092
1784442211.4817386,1.2247270531110512,0.8859562715791872
1784442211.6873925,-0.3523571951895313,0.38826823253974513
1784442211.8865209,-0.24971016299021992,0.8726605201051008
1784442212.0866253,-0.02750978129056482,1.0495372107235483
1784442212.2865422,0.21689208869589977,-0.3349869625370425
1784442212.4860642,0.17329448196345426,0.2599692570270895
1784442212.6863708,-0.2509888222391758,0.35264403303283187
1784442212.8867671,0.04378667016955362,-1.3818627781838762
1784442213.0864189,-0.6854115625044228,0.07046060002977192
1784442213.286171,0.6095511636051404,0.2643902145760957
1784442213.4918814,-0.30303078978151626,1.0865067693444677
1784442213.6965055,-0.7324871648411739,2.2614502815444326
1784442213.8979352,-1.46553984241197,-1.1813264168541782
1784442214.1080651,0.17886710027168093,0.970985956948244
1784442214.31172,0.972543383944497,-0.35768637882284365
1784442214.520338,0.2633132988818088,-0.34355660339589617
1784442214.7320147,0.7980939926787894,0.1836699201415406
1784442214.936098,1.1646736600120433,0.08338912805494757
1784442215.1364446,0.36540333238706796,-0.8772416648167835
1784442215.3420336,-0.6412459917020601,2.41594030592421
1784442215.5464427,-0.028507717989950776,0.250537969022175
1784442215.7506154,1.6593658813614793,0.6759959717288918
1784442215.9578643,-0.7743078926992109,0.698405113490793
1784442216.1626308,-0.22222474030585218,-0.7742865552911455
1784442216.3720596,-1.0459155011267574,-0.2470626711043841
1784442216.5778918,-0.12241790092124741,-0.2842806678715265
1784442216.7815864,1.2888173147318118,0.8103767034125167
1784442216.9814806,1.0849444394355832,1.3727654247869179
1784442217.186576,1.1627125703212158,0.5452653453603927
1784442217.391561,0.6220342625155801,-0.7814149193379163
1784442217.5971823,-0.162603102860339,-0.4736237837623188
1784442217.8023295,0.4243446678215286,-0.7702233243399365
1784442218.012413,0.19420397947223028,0.4372429735706319
1784442218.218108,-0.3431976140293106,-0.01796817448879869
1784442218.4316103,0.36149449046176113,0.6251915036732947
1784442218.6369872,-0.37629001528379846,0.5764694472216667
1784442218.8480363,-1.3519823362874017,-1.0018649064759797
1784442219.051931,0.9566704263184356,0.5357826579449367
1784442219.2576056,0.46911076675308117,-0.3625151092453435
1784442219.4892683,0.5879294316383883,-1.2243827985965139
1784442219.7065485,-0.3186097207663196,-1.6628548789578415
1784442219.9129357,0.28242239440327377,0.24799910903963487
1784442220.1177309,0.18061798496124504,-0.46142680386154644
1784442220.3227305,0.832770810918782,0.438469396960594
1784442220.66716,-0.6477571307674098,0.5047601592782891
1784442220.7363396,-0.9489487859582002,0.2734239332456708
1784442220.9450843,-1.108843767805443,-0.7988399245505575
1784442221.1516204,0.5648907407253271,1.2092995063061507
1784442221.3515332,-0.07056091630610097,0.6375679883790573
1784442221.556286,-0.45111875305608357,-0.33156983657568195
1784442221.7565086,-0.19858184006725643,0.6126939047944294
1784442221.9609532,-1.1415970295621092,0.16001178202556438
1784442222.1649437,1.294838077220944,-1.2365951998126816
1784442222.3916264,0.7190643029235777,-1.0960092962579997
1784442222.5908532,0.6147735761671362,0.9872617349443752
1784442222.88203,0.682086839410524,-0.8713860084379847
1784442223.1063485,2.1206707256745143,-0.6151610131636919
1784442223.307016,-1.2517067610578687,0.8896219627684797
1784442223.5058784,-0.44243953143944315,0.5277300253129672
1784442223.7054827,-1.3885375265730142,-1.4159450826087123
1784442223.9115853,-0.5419635147379122,0.7924738252667614
1784442224.168631,-0.12194362655079034,-1.3521539713078092
1784442224.4068341,0.4544227473924155,2.1294913590259457
1784442224.6919196,-0.37236108654747363,-0.12449094279276374
1784442224.9483848,0.9008215707062048,0.5958498380336171
1784442225.2384415,0.12055046301679626,-0.7544888515671235
1784442225.4719281,-0.20285367062858606,-0.7662886950631037
1784442225.6718233,-0.3062421594669381,-0.8624996649549805
1784442225.871843,-0.009869555144754932,-0.3283664200085239
1784442226.1225717,0.6159620247179113,-0.5474811080321456
1784442226.3272858,0.123734505211539,0.38983374074687915
1784442226.5299053,-1.9725191283675148,1.666006566833298
1784442226.7331903,-0.6734508932281804,0.13648941051908914
1784442226.9454682,-0.2673293338444457,-0.10815611661888304
1784442227.1486478,1.1214106538924495,-0.40464396729808366
1784442227.3662844,-0.9042970361761209,0.10814342551772137
1784442227.6226728,0.25491452976373585,-1.7014856270633378
1784442227.864484,-1.186559075748002,-0.3731904948991076
1784442228.0664403,-1.4330607768485033,-0.02905669367573916
1784442228.2673156,1.1983745479414587,0.258390981392824
1784442228.4673004,-0.5688925473147451,-0.983540094180418
1784442228.6983228,1.126050157732139,-0.557237076019
1784442228.9473898,-0.5340468110283739,-0.4670395674739008
1784442229.2004352,0.05717363353909134,-0.1170439334743787
1784442229.401913,0.1952875917667212,0.18892994758926376
1784442229.6080813,-0.7425447729195622,0.1755543885784762
1784442229.8221772,1.204882942686177,-0.7340080619400562
1784442230.026149,-0.22782849710102693,0.003953009026093293
1784442230.2270327,0.2978853605594536,0.6363305694734442
1784442230.426213,0.5739486297130497,0.22446565901295068
1784442230.6260421,0.14154699305189072,-1.030208556701953
1784442230.8909068,0.6906748220799287,0.4931709935016078
1784442231.0314164,0.3834803095567677,0.1994876153257869
1784442231.2329934,0.7043570143720328,0.17824859833815737
1784442231.4388664,0.08686771794686135,0.7922099609026825
1784442231.6419232,-1.4106431401256523,-0.4056801238174453
1784442231.8464534,-1.1551031043174085,0.5991773764450241
1784442232.058801,1.7083768443507956,-0.9026180308941856
1784442232.290395,-0.4450529994744218,0.04409036247406129
1784442232.5087416,0.26134961089464914,-0.6137719119928551
1784442232.7277627,-0.6251205547260829,-0.38984215438659386
1784442232.936492,-0.09037172249144726,-0.6207863120004652
1784442233.1365304,-0.017776357094044827,-0.8702966059906966
1784442233.341964,0.3935798691094494,1.8787255886602305
1784442233.547959,-0.7019338129092906,-0.3933498226739864
1784442233.7581556,-0.43093212929701763,-0.5454492659741992
1784442233.962961,0.4913108037533579,-0.4859971958571157
1784442234.1667416,0.19447175489928098,1.5207492207505897
1784442234.366821,-0.3464771761187497,0.06510355978372552
1784442234.6306217,0.5395800589995128,-0.4363486112095278
1784442234.8810585,-1.1024350349208478,-0.47406617988226296
1784442235.097581,-0.11398255809646314,1.0270944562886528
1784442235.3251107,-0.7661404340012054,-0.24262427412963772
1784442235.5414195,0.36348771496569,1.3926511443105534
1784442235.7474678,1.5583023046979867,0.2131456336156548
1784442235.9460816,0.58367457286854,1.1316026123203733
1784442236.1514342,0.3278589035791851,0.23968000669803544
1784442236.3561633,0.7728461555781694,1.0035180824579448
1784442236.5609183,0.8435097238190468,-0.3121531773845477
1784442236.7821336,-0.13624330338761576,-0.06300111352401094
1784442236.9867814,-0.11407556357775278,-1.0140152550261305
1784442237.186244,-0.5963731954683541,0.29413004125711806
1784442237.3863497,0.454879387918409,-1.5253941465430414
1784442237.585963,-0.4158876977256146,-0.5311208845917892
1784442237.7903547,-0.932775636963789,0.7398580598161197
1784442237.9918938,-0.5952961877499269,0.608981044970377
1784442238.2312977,-0.3504772973061882,0.5258740339175499
1784442238.4318123,1.6854811847896185,-0.5154332655843017
1784442238.6316586,1.771575327863334,0.915850053472752
1784442238.8477032,-1.4787895764637597,0.5985077684197628
1784442239.0577416,0.19061571057750476,0.1504805436403633
1784442239.2557597,0.08885312584611268,0.6106037345390471
1784442239.4559124,0.6729124987182868,-0.43161023224789347
1784442239.6561847,0.15927347344923082,-0.86256952267209
1784442239.856113,-0.022868643905830106,0.5333575152459364
1784442240.1025684,0.44219881442791026,-0.6208970478822782
1784442240.3105726,0.07566029086372046,-0.544652525353219
1784442240.5159507,-1.0582434589861844,0.6445469926300177
1784442240.7535198,1.398428910899314,-0.4333638804876319
1784442241.4064767,-0.787478676160722,0.7432014523520022
1784442241.4151666,-0.2562228026580665,-0.08456081826226589
1784442241.5326083,-1.236847010198554,0.8061465676497946
1784442241.8163435,-1.324474451897212,2.408691107500644
1784442242.0172803,-0.1698123107587959,0.7961902225078344
1784442242.2172382,-0.5236233386212005,-1.0519110442018655
1784442242.4172683,0.8432815223869512,0.7642863688060961
1784442242.6268559,1.4723652681495045,-0.24929443869826695
1784442242.8330393,-0.8892448738810326,0.2607463193807959
1784442243.0367155,0.19341837297098316,-0.8448871243710504
1784442243.236199,-0.31179394013501016,0.824137390384704
1784442243.439812,-0.19035694425536087,-0.06368252781783737
1784442243.6487596,-0.21710199483344256,1.1584367633843056
1784442243.8564887,-0.2615431059408942,-1.055993974041573
1784442244.0592585,0.17791301318861952,-0.6509174221946845
1784442244.2716043,1.4692486392629502,0.5305547621189939
1784442244.5504072,-0.21966770250511608,0.9062743076834628
1784442244.9277003,0.6248570490250552,-0.9543829410996635
1784442245.2815795,-1.1763736225967831,-0.4508607738836435
1784442245.520446,-0.19674061012252514,0.537245318750491
1784442245.784253,-1.3283521641093443,0.35111692296342045
1784442245.9829843,-0.012226806811243655,0.23064519283278348
1784442246.1858985,-0.17616602992570715,-0.5015277144245681
1784442246.389595,-0.44952981230420247,0.17216008146202905
1784442246.5864806,-1.2193420236882042,1.2656566253693922
1784442246.786105,0.21898473021309403,0.43711802918078
1784442246.9885726,0.31107702606397847,0.490411264435031
1784442247.1918314,-0.8533889587893653,0.28436379910238235
1784442247.3983555,-0.0476117370556654,0.32359634802397697
1784442247.6023767,-1.2945279130302436,1.1462261161758318
1784442247.80269,-0.73868575058414,0.8355825850520883
1784442248.006278,1.1598456742980958,1.791531279036455
1784442248.2061994,1.2797505797189843,0.04582631769707575
1784442248.4059136,-0.08090343464512537,1.6369847387584282
1784442248.6056826,0.3373243573343086,1.0093950930561264
1784442248.8052976,0.004225305045631872,-0.3661669277019794
1784442249.0058076,0.6648328543051065,-0.08309223380873523
1784442249.2054324,-1.3311146907389355,-2.138803880791665
1784442249.4055653,-0.0704036025061471,-0.6943537967951194
1784442249.605514,0.9893546627136689,0.07346815763792838
1784442249.8619378,0.3153720251166048,-1.583350981425695
1784442250.061832,-0.29486477250964055,0.11762704251194608
1784442250.2663922,0.409557081177695,-0.14502042598139173
1784442250.4711335,0.9564336459353964,1.6161596074110605
1784442250.670503,-0.26317011656051453,-0.4120467624340236
1784442250.8708067,0.12871632416543058,-0.9931346039171954
1784442251.0714424,-0.49210400361957574,-0.5854847755434037
1784442251.2706542,-1.5496239020736442,1.3916111598768488
1784442251.684402,0.4885568640574525,-1.9995842857040291
1784442251.6917682,0.8367756147250702,-0.01759812214897159
1784442251.8705008,-0.005251870261685242,0.13599674149026217
1784442252.0709069,0.5847266406024826,-0.3563537501286809
1784442252.2768989,0.601878542360622,-0.8932535758626452
1784442252.4759934,0.30524853968498206,-1.3840182248398822
1784442252.6758044,-0.3890773016146917,-1.7864658069600317
1784442252.8842957,-0.45709088860289804,0.1877581399322391
1784442253.107261,0.9946035634477973,-0.32601896266361474
1784442253.3069277,0.15680010916653023,-0.8979760208215786
1784442253.512054,-0.2057215779931884,0.7819429992428896
1784442253.7174754,1.2041702266440018,-0.11146428562586924
1784442253.926239,-1.4962727214423723,-0.049316619850292585
1784442254.1369896,0.12246661050339577,-0.3523009977456128
1784442254.3486671,0.4172708830277582,-1.5408159794015945
1784442254.5611138,-1.3244442503384464,-0.6316084005191204
1784442254.76859,-0.2392522437716477,-0.9749187244893531
1784442254.9758198,-1.5730223449081384,0.2859127339461502
1784442255.175744,-0.3950127336544066,0.30162646682261907
1784442255.3839302,1.1794787875872603,0.051163947962920925
1784442255.5872557,0.9992969868604897,0.8079825734173823
1784442255.791796,-0.7702130268022712,0.5097306072887732
1784442255.991138,1.5095634304942045,0.7483016336143414
1784442256.1926613,0.828862741784067,-0.5649822127015377
1784442256.390737,-0.11360412863289934,-0.32347024581136435
1784442256.5925179,-1.676462480977394,0.3137557293732084
1784442256.7908728,-0.6290273789865382,0.28425861408760367
1784442256.9911919,-0.258423362596183,0.046339892999622545
1784442257.2361314,-0.4325325801244234,0.34373797089476704
1784442257.4359696,-1.3677549616418867,0.4867083613533624
1784442257.6376934,0.8176564435662582,0.23795441697918496
1784442257.8362694,1.5333546890548566,1.3218905775839422
1784442258.0390613,-0.4997797698976472,1.0497385644653694
1784442258.2381103,-0.45143816364679984,0.298645424945113
1784442258.435883,0.8420491969670789,-0.00276716196193727
1784442258.6366234,-0.4131528186666621,-0.5415206148793031
1784442258.8359327,-0.928614150061231,-0.6577198222804926
1784442259.036369,-0.29617475821677886,-0.5546865309702478
1784442259.23616,-0.40814477408522565,0.08447210043444663
1784442259.4378598,-0.10844686964886016,-0.24413999279852525
1784442259.635951,-1.4997599690365222,1.2816123150185772
1784442259.8368447,1.5375654585934884,0.1605817680536904
1784442260.0363417,1.1444683001527447,0.12775868665363704
1784442260.2362082,-0.27052848401766083,0.15482876850549354
1784442260.437119,0.1843657498520601,0.8957682794551588
1784442260.6366355,0.054247327911976034,-0.6313438412447945
1784442260.836799,0.7010727892339147,0.7835951228656084
1784442261.0360856,-0.9662732213697182,-1.1502767199092687
1784442261.236221,0.07444031751427867,0.30382098043143757
1784442261.4371433,-0.16023808283185687,-0.294162076884905
1784442261.635963,0.542993599937535,-0.1548517860868872
1784442261.9538584,-0.39720474511992676,0.09489713849016834
1784442262.0363388,-0.7125466458090172,-1.7839980299454692
1784442262.2364733,-0.652552709642476,-0.5746184529952697
1784442262.435923,-1.6774204420235652,0.6086736513170959
1784442262.6359928,-0.5521663532151438,-0.2881831050720757
1784442262.838576,-1.354093768704027,-0.9862924425151466
1784442263.0374162,-0.3869992753829827,-0.11235621356599197
1784442263.2960634,-0.6722220529176577,-0.7693278305701099
1784442263.4970317,-1.294552574798144,-0.152088076717738
1784442263.7013113,-1.8585994570995572,0.948558082051771
1784442263.9059825,-0.9990510967710255,0.397349700912959
1784442264.1062806,-0.5086651394774202,0.2575101398206643
1784442264.3062522,-1.3097531353063299,-1.94468467235814
1784442264.5060976,-2.2363248632327966,-2.1893599904584606
1784442264.716602,-2.175309313007999,0.6757737305567262
1784442264.9618661,-3.1300896055544882,-0.10637912629864141
1784442265.1695886,-2.756705029472381,-1.958782854742756
1784442265.371742,-1.0023351937591525,0.05598050699633389
1784442265.5717254,-0.8490564357602786,-1.1123473925534537
1784442265.7868843,-2.244692071478481,0.8417603891697645
1784442265.9868145,-1.0635518431136575,-0.6799649830761704
1784442266.1862767,-3.7646105284564886,0.1237831332468192
1784442266.3866234,-4.478823344509994,0.97917772823316
1784442266.5868769,-2.391605378467607,-0.5370095100593182
1784442266.7909658,-1.6315741779018467,-1.0250058446966583
1784442266.9919236,-3.06496112912918,0.04154501639719241
1784442267.1915548,-1.6114712239166584,-0.47551004396380453
1784442267.3967638,-2.8451347089573944,1.6180863808896235
1784442267.6013181,-2.969794246655262,0.37752926675481724
1784442267.8067396,-2.1632369238028373,-0.22444212091834798
1784442268.0108616,-3.3819481552403206,0.015926163971728025
1784442268.2113733,-3.33029961145946,0.06411651648274339
1784442268.4134011,-0.9448820573247536,0.7595822571354579
1784442268.6182237,-2.8353465199111216,-1.200122515295126
1784442268.8163767,-2.5220104703531145,-0.6804698259790795
1784442269.026746,-2.3131551337224394,0.8717473180726789
1784442269.226275,-1.7575937906900183,0.5282458665387684
1784442269.425853,-3.991653645013854,-1.1521142770365282
1784442269.6277175,0.16958271387178003,-0.4872316416739704
1784442269.8320663,-4.414623474562987,-0.40173059233707353
1784442270.040226,-2.744838910369435,0.2723681009550218
1784442270.2486591,-3.1586851200707833,-0.6909110945355985
1784442270.4530663,-1.8382549046542316,-1.4658430554486173
1784442270.6636045,-3.101285613567942,-0.1892843145472985
1784442270.870248,-2.832248029683892,-1.2304189820278357
1784442271.0755522,-2.5334197691267097,-0.7011189801851246
1784442271.2764413,-1.6070143563911112,-1.0040768535583722
1784442271.4763434,-2.5295675540367393,-0.5744922591408153
1784442271.6825967,-2.959497765520806,-1.2279529554052
1784442271.921644,-1.4035579352828491,0.4907332361827408
1784442272.2266047,-3.123436362658765,0.04484044536361509
1784442272.3332107,-3.234812883443492,-1.1647130244872121
1784442272.5429487,-2.531350179455278,-0.5967919458009701
1784442272.7539413,-2.934123303439786,-1.9385107498174943
1784442272.9565177,-2.2007186365498717,-0.7297926185341219
1784442273.1670427,-2.5865222796507075,-1.2414322337485109
1784442273.3688061,-2.632582806168962,-1.533214347001195
1784442273.5766954,-2.3574239885754533,-1.8837146119933492
1784442273.7863867,-2.5567766930725466,-1.716086195613333
1784442273.996248,-3.168192151301368,-1.8383458559182984
1784442274.2011588,-2.889068648153646,-0.5567580844285955
1784442274.4026122,-1.9355924837335725,-1.0879290393637189
1784442274.6018684,-2.7800637951280214,-1.5612031561252029
1784442274.8064632,-3.4035524058327615,-0.6944408723579039
1784442275.0175986,-2.1726753810681507,-1.1368769996654706
1784442275.225678,-3.251290759979734,-1.9867471866748463
1784442275.4334252,-2.115156170905831,-1.8484747344307257
1784442275.6472607,-1.2666169324358063,-1.77573298547877
1784442275.8542333,-2.994638317054615,-1.8712919647957245
1784442276.0631227,-3.086629635832518,-1.0676284294415985
1784442276.2728488,-2.776019353901848,-0.06554331795510282
1784442276.4777374,-2.055378024255476,-1.1909005826448484
1784442276.6871102,-2.0510696099205585,-1.2295880441339133
1784442276.8869774,-3.021275242104695,-0.7102199519943351
1784442277.087845,-2.185260678932678,-2.1353586446860104
1784442277.28686,-2.8314603381530725,-1.8268078477177656
1784442277.4878557,-3.138425616298072,-1.7453442435427806
1784442277.698493,-3.2502816137027946,-0.7140817736993894
1784442277.8962865,-3.5278553083098907,-0.02222949350222292
1784442278.1042652,-2.471936355360243,-0.910857233147831
1784442278.3119345,-4.419734093986621,0.3621366547369502
1784442278.5212705,-1.7220799838057375,-1.244105768202074
1784442278.7334974,-4.471295390916735,-0.4115434662306442
1784442278.9367104,-2.779728784683135,-1.0964501813944438
1784442279.1481802,-2.072362264003422,-1.6391964187413897
1784442279.3582432,-3.0545083902716517,-2.711418856560435
1784442279.567275,-3.0337250428324323,-0.5736969695335571
1784442279.7667062,-2.743029502031325,-1.6807045096771398
1784442280.0062318,-2.1493255087485528,-0.5233381477513133
1784442280.2067327,-2.0450686772851574,-1.158358137270552
1784442280.407301,-3.7570878870987854,-0.902066903216568
1784442280.6123152,-1.218507318211899,-0.7916538374202498
1784442280.8225641,-2.478316668310526,-0.3811283544548173
1784442281.0327616,-3.1525131988128017,0.4485187285456481
1784442281.236753,-3.8806252873852007,-0.5521788890377288
1784442281.4414434,-3.719163560387104,-0.7467224332596261
1784442281.6518154,-1.788847229072979,0.34821448934580024
1784442281.8616235,-3.186864199135292,-0.4981020823139299
1784442282.0673115,-2.3738911758062744,-1.7323936260720427
1784442282.5319302,-1.8800921418998047,-2.0772932921464413
1784442282.5330603,-2.0771708328296308,-2.0526279811012724
1784442282.671364,-2.909659155580297,-0.6913401113676707
1784442282.8719122,-2.6438322569842883,-1.961364786763633
1784442283.0715697,-3.102428713686419,-0.36747733767136315
1784442283.271237,-2.599693175468165,-1.5800707785479204
1784442283.4752896,-1.1790576226823268,0.3436427821405805
1784442283.6822171,-2.630253293050671,-0.4407333872822722
1784442283.8865974,-3.0548845206871147,-0.8706442954687988
1784442284.086711,-4.514552943368949,-0.4378277529003728
1784442284.2863457,-2.53724732453529,-1.206039272596393
1784442284.4851704,-2.671140418834164,-2.183112310848686
1784442284.6872418,-3.148022273351385,-1.552539246987363
1784442284.8973389,-3.466387574166877,-0.7294258166155773
1784442285.1027143,-2.7245102256926725,-1.336869460144357
1784442285.3133328,-2.1051088899167145,-1.372442943752679
1784442285.5164278,-2.8095376762885285,-1.1274404464052372
1784442285.716332,-4.25927345159414,0.5702113439946697
1784442285.9176648,-2.3160770130693793,-0.6364281491547938
1784442286.1274068,-2.208895469826266,-1.210516532534471
1784442286.3329623,-2.4068212339317845,-2.2398227937836452
1784442286.5367794,-3.2423235922728226,-0.842383103379278
1784442286.7488549,-3.0446025337421347,-1.553898849747981
1784442286.9567988,-3.299206618511429,-0.33108199764111157
1784442287.167619,-3.507893183328948,-1.495442044826192
1784442287.416435,-3.1742955260306784,0.7892249828481552
1784442287.6215668,-2.1371145145327537,-1.722701081906544
1784442287.826209,-2.251297349462395,-1.9469109105045854
1784442288.0453668,-2.298199767186689,-0.44748289570624733
1784442288.2517078,-1.832367250974836,-1.206631682800205
1784442288.452631,-3.5328301665815838,-1.3269201883322175
1784442288.6561708,-3.197243152909374,-2.1046781638557155
1784442288.973395,-3.6426867096294835,-2.131566693535142
1784442289.240971,-3.595608941538541,0.41678618746628304
1784442289.4480598,-3.0564330407890847,-0.6409349313039858
1784442289.6575766,-3.6670641576521033,-1.1019468137784014
1784442289.8642504,-2.4088585531414286,-0.48911925129093753
1784442290.066475,-3.290144149362143,-0.8159653423718307
1784442290.2666738,-2.8981066325348195,-1.7594608856672949
1784442290.4731915,-1.895773784978521,-2.3129838158244174
1784442290.6705222,-2.6725984688856785,-0.008175265388061792
1784442290.8719058,-2.940685125596035,-0.579621018908319
1784442291.0759854,-2.5480393788147153,-0.7771155724024152
1784442291.281548,-3.1084546243979667,-1.877902761432016
1784442291.4812458,-3.1989282914909465,-0.8579054758785625
1784442291.68231,-2.8138968953827233,-0.4660213121720418
1784442291.8821251,-3.6484617686297662,-1.0620835918916363
1784442292.0866115,-2.6937160294089244,-0.1621697656471805
1784442292.2872374,-3.634823956786896,-0.21613076903457354
1784442292.4911084,-2.4005583759886355,-1.1517962994906803
1784442292.8780832,-1.3850482244139375,1.7502797942839097
1784442292.8910835,-2.8269809452624286,-0.3273901686083601
1784442293.0911994,-3.823513515987504,1.6749567135684487
1784442293.3020582,-3.5381333113249602,1.1693203722396428
1784442293.502317,-3.6145250351546117,0.5125174363499011
1784442293.7014081,-3.498226634121826,0.9203170588641635
1784442293.904009,-3.2721637193530286,1.1014446586189632
1784442294.1583316,-2.9272175233232622,1.9219631181774979
1784442294.376181,-3.293566838170352,1.0875603298511898
1784442294.5864124,-2.579830117002813,1.383225754696514
1784442294.7865593,-2.9400982593885945,0.6739605043426089
1784442294.9917004,-2.5851887021184425,2.16109183037263
1784442295.1906908,-3.8507171398705435,1.7685846327413512
1784442295.3915102,-3.2156395546670757,1.1830419322771129
1784442295.5974998,-3.2843690192230657,0.9861742083737014
1784442295.7975624,-3.815327593832475,0.607656847052931
1784442295.9973922,-3.9603610247791567,1.3539638329836448
1784442296.2024176,-4.601954738767631,0.7494090001924663
1784442296.4121542,-4.81401187547916,1.619426479265771
1784442296.6253204,-3.097583611024187,-0.13924947175504165
1784442296.8713055,-2.746098254689554,1.953715746889943
1784442297.0863283,-3.7215423706414583,2.419525256156588
1784442297.2859025,-3.0454959603356575,2.8392039641492173
1784442297.4874587,-2.935553993619841,0.8052547842312817
1784442297.6914392,-2.9786786570898176,1.473515420732742
1784442297.891626,-2.213027446113621,1.3730630317745078
1784442298.0920463,-3.880568613177414,0.6725259792670075
1784442298.2995145,-3.0863554580377754,1.6845753934817411
1784442298.5011451,-4.472949716097514,1.6430031394111686
1784442298.7014577,-3.779920653286065,0.7184216309816591
1784442299.0065148,-3.6419078237086033,2.182279427113109
1784442299.205989,-3.687458838696379,0.5725760587091926
1784442299.4060414,-3.696510220073023,1.5617073696679118
1784442299.6054587,-5.18257444380003,1.3567674437911101
1784442299.868067,-2.9826943499061764,0.5388926532071258
1784442300.071887,-4.512718080961451,0.5031118919444403
1784442300.2974093,-5.012877521344554,0.9973870270618904
1784442300.5138187,-4.46123177959741,0.13043094669279198
1784442300.826088,-4.804967499840334,1.2366875222362301
1784442301.0841358,-4.643952062601364,2.652801335443839
1784442301.3690693,-5.306517361324354,0.5657661491347321
1784442301.5913463,-4.56326661124374,0.5196289966287083
1784442301.798047,-5.669994144606679,-0.26505698392813415
1784442301.9974892,-5.646068964440952,2.1289293007102628
1784442302.2304745,-4.864322091710464,1.1277565221480854
1784442302.4781773,-4.854531778746257,0.7140652551451475
1784442302.6710267,-5.8210424332736785,1.5873566522086886
1784442303.425777,-5.52732090312036,0.9523088471078685
1784442303.4266064,-4.094542212820066,0.7675829107444817
1784442303.4472387,-4.3886682326489295,0.37962677656392063
1784442303.651491,-3.548433224640166,1.9089728711177518
1784442303.8517964,-6.03759249017997,0.9055567762546878
1784442304.0571046,-6.114634028722183,0.6589291955873652
1784442304.2563815,-6.2112180804397115,1.6488608452411224
1784442304.4575434,-6.294299485423265,1.44346921882243
1784442304.6565526,-4.608402745109757,1.2966754587905251
1784442304.8562481,-5.179811954700726,-0.2989960662660224
1784442305.0926664,-5.299540202094673,0.09773110142039373
1784442305.2969925,-5.351728838616465,-0.23129671022232542
1784442305.4974098,-6.2993458084081615,0.7544549624901506
1784442305.6961772,-5.818871687018195,1.4389777443400305
1784442305.9009242,-6.215364870744906,-0.4142719424342989
1784442306.1006541,-6.856573234593587,-0.4919917270007805
1784442306.3008072,-6.249220618338393,-0.40666996804231637
1784442306.5008976,-5.82886254321758,-0.07694700401883824
1784442306.7016368,-6.60908714841212,0.5249509316445403
1784442306.9012804,-6.025836697206539,-0.6070230828775487
1784442307.1008494,-7.064240887502084,0.6235599213080467
1784442307.3094666,-5.044050890616913,0.2173914923018911
1784442307.531691,-7.235955062106995,0.7992645501400847
1784442307.74666,-5.458701708601761,-0.5727759476390393
1784442308.0926113,-6.209656963409327,1.143879619888861
1784442308.3520768,-5.265047560437103,0.3505866704118644
1784442308.556059,-5.203865103393238,1.315225627494809
1784442308.770618,-4.596493841210434,0.25815499126797403
1784442308.9772274,-5.698314288446636,0.29087326481693615
1784442309.1768978,-6.293063949016693,-0.7017771111158748
1784442309.3768694,-5.538281660378973,0.03333069077509801
1784442309.5815125,-4.879830426662915,0.2794998116732659
1784442309.7825525,-5.7483530894580355,0.49028215978857687
1784442309.9817579,-5.639774414181205,-0.395391967744144
1784442310.1815805,-5.50544698697805,-0.13634073972654037
1784442310.381932,-7.274930551151563,0.42570908607273455
1784442310.5835161,-6.238966909451356,0.825417552495862
1784442310.7818773,-5.6254315121717715,-1.1046268625034992
1784442310.9825795,-5.762224312370737,-0.19934003240122242
1784442311.1825533,-6.492228687323913,0.2890522375230202
1784442311.456425,-6.975448554325081,-1.3380912986256177
1784442311.6594727,-7.434390293718685,0.3205367835784054
1784442311.861204,-5.8110903877949305,-0.8498593661368823
1784442312.0665088,-4.799321160402108,-0.10008030257050171
1784442312.2677875,-6.704740173952891,-1.450297050010198
1784442312.466312,-7.107107119987034,0.5365488503480165
1784442312.667701,-6.030139947766274,-1.850410643471507
1784442312.8678923,-5.00081437651686,-0.35981571306877097
1784442313.0702057,-4.999613144783567,0.7789339363112036
1784442313.2680047,-7.060981018842668,0.3030991864486513
1784442313.803173,-6.0311362719495785,-0.5447694455063958
1784442313.8043728,-6.131019164675466,1.1899541866265162
1784442313.8771174,-5.9401180475854884,0.2120716886792856
1784442314.0820568,-7.048033169873684,1.8265686622582058
1784442314.2850337,-5.659045850041444,0.8642007840308494
1784442314.4812799,-5.843444606917635,-0.5486443696272466
1784442314.6818175,-6.1546898387662345,1.0894645685740396
1784442314.8839943,-4.720667478563627,0.29482240424485534
1784442315.0865006,-5.8744984881670295,0.1584930114056688
1784442315.2858708,-4.348946835670853,0.06875884797961371
1784442315.4871285,-5.658632036488342,0.2330152709617632
1784442315.687101,-4.876193544261916,-1.0124104361238602
1784442315.8857622,-6.3933715675240945,-0.8951465439962477
1784442316.0870934,-6.06138404358138,-0.7814744083008494
1784442316.2867723,-5.294133954286664,0.39874326786277764
1784442316.486434,-5.866834324451719,-0.25954498632023576
1784442316.6856294,-5.057465296082392,-1.0367228978206628
1784442316.8856826,-4.810279050109253,1.819561316635433
1784442317.0862288,-6.248681952226917,1.8113357689820668
1784442317.2863133,-4.85012903917119,0.08823288564387921
1784442317.486002,-6.980344657111821,0.2507175060178852
1784442317.6878057,-4.202371274884574,0.29815640692726775
1784442317.8872914,-6.933084376461347,0.09526391682538111
1784442318.0926974,-5.499684115232939,-0.6556154328400944
1784442318.2968965,-3.8942627102356573,0.9087067927065372
1784442318.4979274,-5.2013926492217015,-0.0037888375154758215
1784442318.7010818,-5.42798494156669,0.9107794942331471
1784442318.907351,-5.389115811439922,-1.324569348008778
1784442319.1064868,-5.722364961021717,0.8270739963506355
1784442319.30855,-5.138488121245862,-0.16208503536974592
1784442319.5177596,-6.215699526451632,-0.9718561728016967
1784442319.721294,-6.615182398548002,0.2990019237304038
1784442319.9271193,-8.146559719919525,0.47033215145403273
1784442320.1313553,-8.009875149919337,1.0478141634025915
1784442320.3319993,-5.064792819627656,0.4799801510834202
1784442320.5371137,-6.08033130652921,0.40099740843049464
1784442320.7429452,-5.8925827986446135,-0.015924371431274946
1784442320.9478123,-4.871507428944691,-0.8679457284662113
1784442321.1570585,-5.850500781980483,-0.18699026656543583
1784442321.363113,-4.693909182070937,-0.18374574500172733
1784442321.5664544,-5.4904739974652905,0.6311397895943632
1784442321.7714417,-4.640922049588963,-1.1439323568932132
1784442321.9725666,-5.91158740707567,0.5050867275000014
1784442322.1770093,-6.110581242021769,-0.43376534475977957
1784442322.3760204,-5.300784703667404,-1.0181486869330616
1784442322.576586,-7.367600930361852,-0.9852210901829066
1784442322.7768795,-5.755519527417002,-0.3822705531332788
1784442322.9771283,-5.944764009411415,-0.30652380941960317
1784442323.181168,-6.069259936680394,0.12769829735332322
1784442323.3850126,-6.717590344907525,0.08842278445845347
1784442323.586852,-6.200334250341741,-0.8344782659701734
1784442323.7865663,-5.156055537243453,0.29478014236284866
1784442324.2838185,-6.134653026132365,0.5226096947158121
1784442324.285322,-6.534336312977144,0.1443054521044299
1784442324.4480665,-5.843830930241813,0.995980585324634
1784442324.7073994,-6.715010938400457,0.7294880192515585
1784442324.9413865,-6.123731873878677,-0.5557759380327413
1784442325.1628234,-7.797630404342345,-0.2511831712972722
1784442325.3716714,-5.369313702885134,0.6575650877984973
1784442325.5726135,-6.845793230442729,-0.0958596220411967
1784442325.7859826,-6.212331836022999,-1.2256521412000605
1784442325.9864538,-5.419744641410547,0.1992210258299382
1784442326.1864717,-4.433122637171531,-0.5747780985115222
1784442326.386012,-5.545704159042433,0.5597675926291269
1784442326.5863838,-6.022199090157964,-0.3283514687007837
1784442326.7868755,-6.636097491308348,-0.4424007798447344
1784442326.9884458,-6.3367731420828735,-0.4391384191863566
1784442327.215688,-5.829993894933775,0.25246511326128146
1784442327.461903,-6.56525784573456,-0.7881510113783838
1784442327.6909254,-6.3837497976653115,-0.7779193473290628
1784442327.8910491,-6.107626838284191,-0.36090283537046836
1784442328.0919495,-6.951467548517397,0.4980321433323013
1784442328.3218842,-5.119598178178896,0.7304091246979544
1784442328.532467,-4.881308326577192,-0.18155131580242578
1784442328.7519624,-5.874087655570175,0.32252537227196115
1784442328.9680617,-6.017900794788019,0.36797702839523855
1784442329.1716483,-5.917186458680736,-0.20901871125654056
1784442329.3723083,-4.525263013082046,0.40245748209432464
1784442329.5724645,-5.417843180078315,0.9973649414968142
1784442329.7827291,-5.554733420854333,1.1950826739885079
1784442329.986122,-6.497078440611013,-0.8600845167933016
1784442330.1910832,-5.984486187716395,0.4766793496715108
1784442330.3909233,-4.741144925531932,-0.4798003566905603
1784442330.5963874,-5.22677312845344,-0.7042730413327221
1784442330.7983413,-6.031751283006868,0.08575689923787148
1784442331.0070016,-5.537572233798566,-0.936850027853616
1784442331.2106307,-6.8086679455717425,-0.7985192196927535
1784442331.4109046,-5.139333348624453,-0.7408642231159869
1784442331.6104586,-6.2689394054149385,-0.5297396459157382
1784442331.8111613,-6.409856866925082,-0.43530437505600356
1784442332.011793,-6.609299838981142,0.2661490681395394
1784442332.2105603,-6.550952591254585,-1.006468351219835
1784442332.4108381,-6.415693091319797,-0.6015758887498287
1784442332.61832,-6.944927723037287,-0.7999151598537011
1784442332.8271775,-4.618861343882529,-0.019009143851974757
1784442333.0422533,-5.218115179504322,1.296115001738025
1784442333.2520533,-6.289868001923589,0.4554476076827681
1784442333.4615424,-5.285350106945798,0.21494594897691202
1784442333.6739647,-6.206696044804943,-1.6914809481209903
1784442333.8871448,-6.5278548429909256,1.5736857778144522
1784442334.097127,-5.5194415496011855,0.6001831104657399
1784442334.6631591,-6.151904341320284,-1.1772782454582909
1784442334.6652093,-7.120876441405521,-0.2084371497976114
1784442334.7074518,-5.334756957942391,-0.09839015462559017
1784442334.9062219,-7.601034834477453,-0.8660567598074626
1784442335.1073425,-6.011105497152222,-0.2383405238739
1784442335.3167598,-4.452852916169937,-1.4392709015328116
1784442335.521884,-4.930356481197778,-0.45323443741110253
1784442335.7295916,-5.088811018692272,0.25626677194819975
1784442335.9490275,-4.8175130360351,-0.17127646755040057
1784442336.1617498,-7.157496351960248,0.6968334366811066
1784442336.368577,-6.864645012284642,-0.2346846371201431
1784442336.571328,-5.187212576304514,1.7037326074316197
1784442336.776517,-4.9904826783049145,0.6764587496025509
1784442336.9875064,-6.288782522266698,-0.7595686720927721
1784442337.1926768,-5.840379235998008,-0.370194230015133
1784442337.3970122,-5.9926078885042635,1.6287052169779797
1784442337.607173,-6.256158685761436,0.1791509529301918
1784442337.8129954,-4.979074065364804,-1.3248531100880212
1784442338.0209246,-5.985107266813716,-0.11991644708570667
1784442338.2463439,-5.206649350582662,-1.0925872052344088
1784442338.4566476,-5.877264834443163,0.04361043450557156
1784442338.6635904,-5.789687080528552,-0.09109016974938215
1784442338.8720467,-6.645993458030597,0.5373565560807058
1784442339.0829825,-6.391018914070285,-0.18510016762457127
1784442339.2810917,-6.325921125458135,-0.20602523813757237
1784442339.4867713,-5.083470218682542,0.5960147617405736
1784442339.6987894,-7.014906153277012,-0.609486259097137
1784442339.9071457,-6.366209312458338,-0.4731914099030315
1784442340.1198957,-6.23733580343591,0.03088800430700239
1784442340.327432,-6.975507620918999,-0.3097016000835546
1784442340.5375378,-5.890272442219924,-0.33290939622249616
1784442340.7435772,-5.78711343095879,-0.3778091679252576
1784442340.958937,-5.943273392496655,0.8808285642130392
1784442341.1721368,-5.340384252499527,0.41877764027603187
1784442341.3763618,-5.219399264770839,-0.3061887138991103
1784442341.5822542,-4.960615015462411,-1.3555097898100288
1784442341.7867115,-6.869990353565985,0.0352975564827013
1784442341.985956,-5.877062907279176,-1.0389305244990092
1784442342.1920066,-4.760742189728596,-1.0840499162300483
1784442342.4074087,-7.296396121144801,0.3087864102306433
1784442342.6177511,-5.115511798666995,-0.319637713607227
1784442342.8269103,-6.8760166325834495,0.8439999450103182
1784442343.0377674,-6.813427464104048,-0.03042615179084653
1784442343.2509227,-4.918676670493433,-0.5400184256533171
1784442343.4595513,-5.383277692963192,0.15053513158939658
1784442343.6682086,-7.248655932474322,0.9594102983251862
1784442343.872228,-5.6807308074117095,0.9215443491981793
1784442344.0765462,-6.01770725875207,-0.21854068833662696
1784442344.284417,-5.831575083625617,-0.35284213341316206
1784442344.4855895,-5.931806841747717,-0.07976970476066172
