x,y
0.0,0.0
-0.06179656982422088,-4.577636719460543e-06
-0.11179656982421804,-6.103515627131628e-06
-0.16179656982421875,-9.155273438921085e-06
-0.21179656982421946,-1.2207031250710543e-05
-0.26179656982422017,-1.6784667970171085e-05
-0.3117965698242209,-2.288818359375e-05
-0.36179656982421804,-2.8991699220881628e-05
-0.41179656982421875,-3.814697265625e-05
-0.46179656982421946,-4.7302246095171085e-05
-0.5117965698242202,-5.798339843821054e-05
-0.5617965698242209,-7.019042968892109e-05
-0.611796569824218,-8.544921875142109e-05
-0.6617965698242188,-0.00010070800781392109
-0.7117965698242195,-0.00011901855468821054
-0.7617965698242202,-0.00013885498047017109
-0.8117965698242209,-0.00016021728515625
-0.8617965698242216,-0.00018463134765767109
-0.9117965698242188,-0.00021057128906321054
-0.9617965698242195,-0.00023956298828053946
-1.0117965698242202,-0.00027008056640553946
-1.0617965698242209,-0.00030364990234588163
-1.1117965698242216,-0.00033874511718678946
-1.1617965698242188,-0.00037689208984303946
-1.2117965698242195,-0.00041656494140696054
-1.2617965698242202,-0.0004592895507826711
-1.3117965698242209,-0.0005050659179701711
-1.3617965698242216,-0.0005538940429694605
-1.4117965698242188,-0.0006042480468764211
-1.4617965698242195,-0.0006576538085951711
-1.5117965698242202,-0.0007141113281257105
-1.5617965698242209,-0.0007736206054680395
-1.6117965698242216,-0.0008346557617180395
-1.6617965698242188,-0.0008987426757833816
-1.7117965698242195,-0.0009674072265646316
-1.7617950439453125,-0.00103759765625
-1.8116683959960938,0.00252532958984375
-1.8615402221679709,0.0061065673828117895
-1.9114105224609403,0.00970153808593821
-1.9612808227539062,0.01331634521484304
-2.011148071289064,0.01694793701171804
-2.061013793945314,0.02060241699218679
-2.110879516601564,0.02427368164062571
-2.160742187500002,0.02796783447265483
-2.2106048583984403,0.03168182373046946
-2.260464477539063,0.03541717529296662
-2.3103240966796896,0.03917236328124929
-2.3601806640625007,0.04294738769531037
-2.4100372314453153,0.04674224853515696
-2.4598907470703146,0.05055694580078196
-2.509744262695314,0.05438995361328125
-2.5595947265625014,0.05824127197265483
-2.609445190429689,0.06210937499999858
-2.6592941284179688,0.0659942626953125
-2.7091415405273445,0.06989440917968537
-2.75898895263672,0.07380981445312429
-2.808833312988284,0.07773742675781037
-2.8586776733398445,0.0816802978515625
-2.9085220336914084,0.08563232421875
-2.9583648681640646,0.08959655761718821
-3.008206176757813,0.09356842041015412
-3.0580474853515653,0.09755096435546662
-3.107888793945314,0.10153961181640625
-3.1577285766601584,0.10553588867187358
-3.207568359375003,0.10953674316406037
-3.2574066162109396,0.11354370117187429
-3.307246398925784,0.11755218505859233
-3.357084655761721,0.12156372070312571
-3.4069244384765653,0.1255767822265632
-3.456762695312502,0.1295898437500007
-3.506600952148439,0.1336029052734382
-3.5564392089843757,0.13761444091796804
-3.60627899169922,0.14162292480468608
-3.6561187744140646,0.14562835693359233
-3.705958557128909,0.1496307373046868
-3.75579833984375,0.15362701416015412
-3.8056381225585945,0.15761718749999787
-3.8554794311523466,0.1616027832031257
-3.905320739746095,0.16557922363281108
-3.9551635742187514,0.16954956054687287
-4.005006408691408,0.1735107421874993
-4.054849243164064,0.1774627685546868
-4.104693603515626,0.18140411376953125
-4.154539489746096,0.1853363037109368
-4.204400634765626,0.18906097412109446
-4.254365539550783,0.19092407226562358
-4.304365539550783,0.19101562499999858
-4.354365539550782,0.1911041259765618
-4.404365539550783,0.19118652343749787
-4.454365539550782,0.19126739501952983
-4.504365539550783,0.19134063720703054
-4.554365539550783,0.19140777587890412
-4.604365539550782,0.19146270751953054
-4.654365539550783,0.1915008544921868
-4.704365539550782,0.19151153564452983
-4.754365539550783,0.19147644042968537
-4.804364013671876,0.19135894775390483
-4.854364013671876,0.1910980224609382
-4.904360961914064,0.19058380126952912
-4.954351806640627,0.1896179199218757
-5.004319763183595,0.1878326416015632
-5.054211425781251,0.18453216552734375
-5.1038253784179695,0.1783325195312493
-5.152372741699221,0.16636810302734162
-5.196807861328127,0.1434448242187507
-5.230575561523439,0.10657043457031179
-5.26143493652344,0.06722869873046733
-5.291316223144532,0.02713928222656037
-5.3231857299804695,-0.01138610839843679
-5.362036132812502,-0.0428619384765625
-5.405590820312501,-0.06741638183593679
-5.451976013183595,-0.08608245849609375
-5.500000000000002,-0.10000000000000142
-5.518133544921877,-0.19773101806640625
-5.564361572265627,-0.21678314208984517
-5.610809326171877,-0.23529205322265767
-5.657904052734377,-0.2520889282226584
-5.705380249023438,-0.26777191162109304
-5.753160095214845,-0.28250579833984446
-5.800000000000001,-0.3000000000000007
-5.900000000000002,-0.40000000000000213
-6.0,-0.5
