t,x,y
1785123445.6965008,-0.5014933572899902,-0.2100421461832686
1785123445.90262,-0.055321511212144334,-0.5656587464886501
1785123446.114727,-0.005750740963388597,0.6428938468713732
1785123446.331444,0.8868950373538524,-0.43823749927728123
1785123446.5485637,0.80484844578718,-0.28720493066995983
1785123446.760088,-0.9358024044551623,-0.4332220274092448
1785123446.9633746,-0.25953522849917826,0.2118749051225953
1785123447.172776,-0.3382319016067511,0.07281987232858558
1785123447.3733675,1.0727690638428375,-0.5251490167906612
1785123447.5740094,-0.3771294680133179,0.006287324593518302
1785123447.7773523,0.15835045429492228,1.206052642967849
1785123447.977608,1.2221548216918356,-0.05843767821735567
1785123448.1844318,1.2607199613872409,0.31105986129131025
1785123448.386819,-0.10882418253223461,0.39838031373428745
1785123448.5926332,1.2427495441634684,-0.41644256147408354
1785123448.7929842,0.1494890345703583,-0.12550237103917297
1785123448.9981604,-0.9496049698614641,-0.04141307026236667
1785123449.208917,-1.369316212323782,0.4832094451652241
1785123449.4529493,-0.2636511279070826,-0.21234788905138371
1785123449.652135,0.282363905121933,0.2999972521162575
1785123449.8525567,0.7514871375309726,-1.6201371344407505
1785123450.0570889,-0.27594931193235434,0.44941692299986313
1785123450.263673,0.07616283940242569,-1.5947714881062436
1785123450.4673834,0.2721664952555778,0.4513886634768594
1785123450.6733885,-0.006982998588115137,-0.5240675655207161
1785123450.8734722,1.5098264640068884,0.10866086206023537
1785123451.0860963,1.152905665832995,-0.5921951334273028
1785123451.297747,-1.347281460387657,-0.4437981342780876
1785123451.5024219,-0.8426710760780792,0.8712120813781592
1785123451.7144537,0.6302620089095494,-0.010785639878421079
1785123451.9137056,-0.6595783596132412,-0.6319230720361243
1785123452.1123426,0.2327938513504912,-0.07058955369562332
1785123452.3129795,-1.0749048219926163,-0.9180725880301847
1785123452.5187993,-1.1253141613020758,-1.0095741270714673
1785123452.7289703,0.0997234555919238,-0.4389010291616237
1785123452.9523292,0.1494166025717788,-0.13168382615352497
1785123453.1577308,1.0725919864783575,0.42327266524514545
1785123453.3571713,0.028911678382406686,-0.17822664802629926
1785123453.558405,-0.7880286454276388,-0.34559908068967915
1785123453.762259,0.7927310204313766,-0.9115696910342175
1785123453.9669287,-0.44086960940197806,0.14182818927550878
1785123454.1738882,0.09874761445983868,1.0235510790370155
1785123454.3782227,-0.2734593798484162,-0.2828104530247818
1785123454.5826335,1.0861127064861664,0.4074811841193876
1785123454.7880678,0.011312400482775865,0.22085436887025708
1785123454.9927247,-0.44421932703981565,-1.5993620977914274
1785123455.192953,0.20384872468338247,-0.1283944848250806
1785123455.4416623,-0.5885108839991795,0.13681383736363711
1785123455.6450868,0.5865173849234194,0.296312905765169
1785123455.8465953,1.2806437384830485,-0.12494365667169106
1785123456.0471704,-1.7323494232542969,0.021225370645847674
1785123456.24806,-0.5519273616949503,-0.3536955372022725
1785123456.4466448,0.1706049346130878,0.28007916168785446
1785123456.6469462,-0.47080020564120856,1.3821468269852797
1785123456.8473113,-0.8086397167285355,-0.35645292566754544
1785123457.047462,0.5814996560127274,-1.7286576407456118
1785123457.2485843,-0.9292723910070912,-0.934074690292074
1785123457.4490068,-0.2817686985997078,-1.2109608409843717
1785123457.6475112,-0.7009757787836293,-0.9010786092722612
1785123457.8474002,-0.54832640633478,-0.7737436594451464
1785123458.0488596,0.9074217036431366,-0.9532451673688033
1785123458.2466216,-0.11322230790992566,-0.41515704829479516
1785123458.46219,-1.4240258042911238,-1.8271286240619564
1785123458.6624968,-2.163314520403886,-0.3483435928991787
1785123458.8631403,-1.1855531141629305,-0.09836121881688009
1785123459.0623708,-1.779105700686213,-1.6006523030999422
1785123459.2627697,-0.4800122400193974,-2.5218158725135806
1785123459.4681818,0.17645587188778034,1.141396917363147
1785123459.6665661,0.4881636240788859,-1.2696208266728648
1785123459.8676825,-0.28582199147984705,-1.0774681051892343
1785123460.066925,0.0273386988010067,-1.8285013880429086
1785123460.2672963,-1.106217875862074,-0.3092179655965658
1785123460.4724336,-0.24179385755750837,-0.6311965354613334
1785123460.672662,-1.3417535673026681,-0.8270407527163744
1785123460.873161,-0.7989798713121579,-2.776106817958044
1785123461.0736501,-0.2025942513774912,-0.037455955607478275
1785123461.2725284,-0.8122514434983965,-1.5007793948027717
1785123461.4777288,-2.4857995394201873,-0.4624575057614521
1785123461.6773126,-1.085282471455371,-0.48233956894805624
1785123461.8821397,0.17960445622764465,-1.1197320930021686
1785123462.0823975,-1.065125672365673,-0.020117953589581572
1785123462.2819757,-1.1144347159674934,-0.8360054661331978
1785123462.4828475,-2.695017619537288,0.02632428316013047
1785123462.681439,-1.8038022514220127,-0.5816297297501636
1785123462.8815997,-1.4041899392730404,-0.9409972380792542
1785123463.081446,-1.1647817375152916,-1.302842894734587
1785123463.282134,-2.0734302658885193,-0.25891012897425436
1785123463.4944549,-1.5631465628428858,0.05658679297803326
1785123463.6931884,-2.294219497417635,0.2844653567428519
1785123463.9071815,-1.9789722953586701,0.46615420665794544
1785123464.1238446,-0.5447672925814158,0.635051969456257
1785123464.3409998,-2.3266805548818716,-0.2560614581928276
1785123464.6196907,-1.6531005706912647,-0.3682741666818115
1785123464.840582,-1.2629784739417838,-0.3377636907207847
1785123465.093239,-1.8684612192378993,0.0061476636646530525
1785123465.293508,-2.216856871530981,-0.7786257076774536
1785123465.4927154,-2.0811801607038993,0.14044274631036147
1785123465.779423,-1.116580613630755,0.920953395008324
1785123465.9320009,-2.387261750019266,-0.5277139722399471
1785123466.145257,-2.099415023082924,-0.01198320034636785
1785123466.3474555,-1.404140338552373,0.9922630537996568
1785123466.5467477,-2.4004594852592005,0.3979773511878013
1785123466.748157,-2.9889003881441716,0.17241321349079536
1785123466.9500966,-1.511048186785985,-0.31843235695093475
1785123467.1586385,-1.8748921867495187,1.7295670145162938
1785123467.366679,-4.453129947770872,0.18523689520402037
1785123467.5734868,-1.3835112485048595,0.9256041507872564
1785123467.7774894,-3.371438505001557,1.1621666392532848
1785123467.9771533,-1.5278703302281489,0.4439384168706086
1785123468.17755,-2.0852243684503193,2.3101188058168245
1785123468.3771644,-2.90019483990324,0.6054883701772389
1785123468.5770302,-3.0838964520076435,0.9412900572744205
1785123468.7766345,-1.7693828767282174,0.4403987395400537
1785123468.9771547,-3.2075005039365467,1.0242208302315028
1785123469.1772726,-4.09881991871787,1.2875268884703595
1785123469.3829937,-2.6813580598087228,0.8277744446382582
1785123469.583762,-4.154863614173795,0.8450952255813315
1785123469.7832146,-3.6214529777257,-0.9928278087280642
1785123469.9878404,-3.5552536842587226,0.11120155156869893
1785123470.1876633,-1.3368386464525326,1.28855673252849
1785123470.387413,-3.876596610174847,1.7137356220662288
1785123470.592992,-3.7862274493064096,1.428251932903469
1785123470.8546014,-2.5797104142587717,-0.3273004239676567
1785123471.192912,-2.1031591305791624,0.6258452755897514
1785123471.4036083,-3.0532294073037334,0.6166191779751632
1785123471.6033628,-4.670132532833147,0.13417091939851367
1785123471.8571358,-3.591337890844217,0.7587135089776416
1785123472.075499,-4.410668637400725,2.207479605844264
1785123472.285265,-3.2899855414496293,1.1997191461093675
1785123472.481983,-5.227986159499583,1.3709980465303837
1785123472.682464,-4.761395604482469,0.6393984268267203
1785123472.8927844,-4.031423920136509,1.635322359553082
1785123473.0931344,-6.2233412398077945,1.049611085710657
1785123473.299325,-2.8929234131211556,0.501089788144219
1785123473.5083706,-6.1860955827579325,1.9399256617900305
1785123473.708983,-4.67159136507426,1.323820472417033
1785123473.9075148,-5.75957204103046,1.0101295712255527
1785123474.11325,-6.435012751639964,0.7539411609906469
1785123474.3247492,-5.768037289037963,0.663425822856599
1785123474.532707,-4.30669581610577,-0.24464614290973563
1785123474.73227,-5.689108800473555,1.1498968792416147
1785123474.9319718,-5.098569489397716,0.42240721874218773
1785123475.138283,-7.022021293404867,-1.0749575019270021
1785123475.3385093,-6.416712700460707,-0.7739625245887638
1785123475.5379226,-5.907557681604459,1.7966066990330858
1785123475.7473996,-5.569511767811368,1.2011340147721954
