x,y
-2.8000000000000007,-0.7000000000000028
-2.7427886962890646,-0.7327224731445341
-2.7363800048828146,-0.6831344604492209
-2.7723770141601562,-0.6484329223632841
-2.777291870117189,-0.5986755371093757
-2.78375244140625,-0.5490951538085938
-2.788113403320313,-0.49928588867187784
-2.793524169921877,-0.4495788574218764
-2.8000000000000007,-0.40000000000000213
-2.900000000000002,-0.3000000000000007
-3.0,-0.20000000000000284
-3.027088928222657,-0.11119537353515696
-3.0685638427734396,-0.08327178955078196
-3.1111770629882827,-0.05711517333984517
-3.1536788940429688,-0.030780029296877842
-3.196206665039064,-0.004486083984375
-3.238888549804688,0.02155914306640483
-3.2818725585937507,0.04709930419921804
-3.324938964843753,0.07250061035156108
-3.3681167602539084,0.09771423339843466
-3.413327026367188,0.11906890869140341
-3.4626785278320327,0.1270950317382784
-3.512437438964845,0.12218780517578054
-3.5622192382812514,0.11751251220702841
-3.6120422363281257,0.11331939697265625
-3.661851501464845,0.10895233154296591
-3.7116516113281257,0.1044921875
-3.7614135742187536,0.09962005615234304
-3.811083984375003,0.0938873291015625
-3.8606201171875014,0.08708953857421875
-3.9100036621093786,0.07926025390624858
-3.959175109863285,0.07019958496093537
-4.008111572265626,0.05994110107421591
-4.056738281250002,0.04830322265624787
-4.105029296875003,0.03533935546875
-4.1528976440429695,0.02089538574218608
-4.200320434570315,0.0050537109374992895
-4.247276306152347,-0.01212768554687571
-4.293283081054689,-0.031707763671875
-4.3383224487304695,-0.0534210205078125
-4.382824707031251,-0.07621307373047159
-4.426892089843751,-0.0998382568359375
-4.470332336425784,-0.12459564208984375
-4.513531494140626,-0.14977111816406463
-4.556625366210941,-0.17512817382812784
-4.600000000000001,-0.20000000000000284
-4.700000000000003,-0.3000000000000007
-4.800000000000001,-0.40000000000000213
-4.900000000000002,-0.5
-5.0000000000000036,-0.5
-5.100000000000001,-0.5
-5.200000000000003,-0.6000000000000014
-5.300000000000001,-0.7000000000000028
-5.351554870605472,-0.7359786987304702
-5.401109313964845,-0.7293243408203125
-5.45082702636719,-0.724018859863282
-5.50070495605469,-0.7205215454101577
-5.550587463378907,-0.7170883178710952
-5.600486755371097,-0.7139221191406264
-5.650378417968753,-0.7106338500976577
-5.700268554687501,-0.7073165893554716
-5.750141906738282,-0.703755187988282
-5.800000000000001,-0.7000000000000028
-5.900000000000002,-0.6000000000000014
-6.0,-0.5
