run,result,true_x,true_y,err_m,secs
1,SUCCEEDED,-5.760802908776364,0.017701607451624843,0.57,179
2,SUCCEEDED,-5.694471918925725,-0.7071771674214062,0.37,180
3,TIMEOUT,-5.849788862698436,-0.12197825094667919,0.41,186
4,SUCCEEDED,-5.894863693584945,-0.18286435884754443,0.33,110
5,SUCCEEDED,-6.301918327790344,-0.09253735131096325,0.51,120
6,TIMEOUT,-3.3467230565674693,-2.165535913793027,3.13,188
7,SUCCEEDED,-5.770193068034395,-0.12261784120636002,0.44,116
8,TIMEOUT,-5.288511694143567,-0.018919611518991557,0.86,188
9,ABORTED,nan,nan,nan,218
10,ABORTED,-0.04557905691272416,-0.016408664213942662,5.97,104
